ID,질문 번호,질문 유형,질문 내용,응답 내용,질문 키워드,카테고리,감성,질문 카테고리
R001,Q1,자유서술형,건강기능식품을 섭취 중단한 이유,귀찮아서 안먹게 됨,건강기능식품 섭취 중단 이유,복용 불편,부정,건기식 장벽 요인
R002,Q1,자유서술형,건강기능식품을 섭취 중단한 이유,"다른 제품의 효능과 중복됨, 알이 너무 커서 섭취 불편",건강기능식품 섭취 중단 이유,복용 불편,부정,건기식 장벽 요인
R003,Q1,자유서술형,건강기능식품을 섭취 중단한 이유,비쌈,건강기능식품 섭취 중단 이유,가격 장벽,부정,건기식 장벽 요인
R004,Q1,자유서술형,건강기능식품을 섭취 중단한 이유,귀찮음,건강기능식품 섭취 중단 이유,복용 불편,부정,건기식 장벽 요인
R005,Q1,자유서술형,건강기능식품을 섭취 중단한 이유,필요성 못느낌,건강기능식품 섭취 중단 이유,필요성 부족,부정,건기식 장벽 요인
R006,Q1,자유서술형,건강기능식품을 섭취 중단한 이유,번거로움,건강기능식품 섭취 중단 이유,복용 불편,부정,건기식 장벽 요인
R007,Q1,자유서술형,건강기능식품을 섭취 중단한 이유,"매번 챙겨먹기 번거로움, 효과를 못느낌",건강기능식품 섭취 중단 이유,복용 불편,부정,건기식 장벽 요인
R007,Q1,자유서술형,건강기능식품을 섭취 중단한 이유,"매번 챙겨먹기 번거로움, 효과를 못느낌",건강기능식품 섭취 중단 이유,효능 불확실,부정,건기식 장벽 요인
R008,Q1,자유서술형,건강기능식품을 섭취 중단한 이유,효과를 못느낌,건강기능식품 섭취 중단 이유,효능 불확실,부정,건기식 장벽 요인
R009,Q1,자유서술형,건강기능식품을 섭취 중단한 이유,챙겨먹기 귀찮음,건강기능식품 섭취 중단 이유,복용 불편,부정,건기식 장벽 요인
R010,Q1,자유서술형,건강기능식품을 섭취 중단한 이유,귀찮음,건강기능식품 섭취 중단 이유,복용 불편,부정,건기식 장벽 요인
R011,Q1,자유서술형,건강기능식품을 섭취 중단한 이유,대체식품으로 섭취중,건강기능식품 섭취 중단 이유,대체식품,중립,건기식 장벽 요인
R012,Q1,자유서술형,건강기능식품을 섭취 중단한 이유,효능을 모르겠음,건강기능식품 섭취 중단 이유,효능 불확실,부정,건기식 장벽 요인
R013,Q1,자유서술형,건강기능식품을 섭취 중단한 이유,귀찮음,건강기능식품 섭취 중단 이유,복용 불편,부정,건기식 장벽 요인
R014,Q1,자유서술형,건강기능식품을 섭취 중단한 이유,몸에 안맞음,건강기능식품 섭취 중단 이유,체질에 안맞음,부정,건기식 장벽 요인
R015,Q1,자유서술형,건강기능식품을 섭취 중단한 이유,"효과 없음, 귀찮음",건강기능식품 섭취 중단 이유,효능 불확실,부정,건기식 장벽 요인
R015,Q1,자유서술형,건강기능식품을 섭취 중단한 이유,"효과 없음, 귀찮음",건강기능식품 섭취 중단 이유,복용 불편,부정,건기식 장벽 요인
R016,Q1,자유서술형,건강기능식품을 섭취 중단한 이유,구매 미룸,건강기능식품 섭취 중단 이유,필요성 부족,부정,건기식 장벽 요인
R017,Q1,자유서술형,건강기능식품을 섭취 중단한 이유,복용 후 증상 악화,건강기능식품 섭취 중단 이유,체질에 안맞음,부정,건기식 장벽 요인
R018,Q1,자유서술형,건강기능식품을 섭취 중단한 이유,효능 없음,건강기능식품 섭취 중단 이유,효능 불확실,부정,건기식 장벽 요인
R019,Q1,자유서술형,건강기능식품을 섭취 중단한 이유,비용 문제,건강기능식품 섭취 중단 이유,가격 장벽,부정,건기식 장벽 요인
R020,Q2,자유서술형,녹용 제품을 섭취 중단한 이유,비쌈,녹용 제품 섭취 중단 이유,가격 장벽,부정,녹용 장벽 요인
R021,Q2,자유서술형,녹용 제품을 섭취 중단한 이유,"효과 못느낌, 비삼, 효능 검증 안됐다는 소문, 동물학대 이미지, 대체 식품 많음",녹용 제품 섭취 중단 이유,효능 불확실,부정,녹용 장벽 요인
R021,Q2,자유서술형,녹용 제품을 섭취 중단한 이유,"효과 못느낌, 비삼, 효능 검증 안됐다는 소문, 동물학대 이미지, 대체 식품 많음",녹용 제품 섭취 중단 이유,가격 장벽,부정,녹용 장벽 요인
R021,Q2,자유서술형,녹용 제품을 섭취 중단한 이유,"효과 못느낌, 비삼, 효능 검증 안됐다는 소문, 동물학대 이미지, 대체 식품 많음",녹용 제품 섭취 중단 이유,동물학대,부정,녹용 장벽 요인
R021,Q2,자유서술형,녹용 제품을 섭취 중단한 이유,"효과 못느낌, 비삼, 효능 검증 안됐다는 소문, 동물학대 이미지, 대체 식품 많음",녹용 제품 섭취 중단 이유,대체식품,부정,녹용 장벽 요인
R022,Q2,자유서술형,녹용 제품을 섭취 중단한 이유,필요성 못느낌,녹용 제품 섭취 중단 이유,필요성 부족,부정,녹용 장벽 요인
R023,Q2,자유서술형,녹용 제품을 섭취 중단한 이유,몸에 안맞음,녹용 제품 섭취 중단 이유,체질에 안맞음,부정,녹용 장벽 요인
R024,Q2,자유서술형,녹용 제품을 섭취 중단한 이유,"맛없음, 다른 제품에 비해 우선순위 밀",녹용 제품 섭취 중단 이유,맛 없음,부정,녹용 장벽 요인
R024,Q2,자유서술형,녹용 제품을 섭취 중단한 이유,"맛없음, 다른 제품에 비해 우선순위 밀",녹용 제품 섭취 중단 이유,대체식품,부정,녹용 장벽 요인
R025,Q2,자유서술형,녹용 제품을 섭취 중단한 이유,체질에 안맞음,녹용 제품 섭취 중단 이유,체질에 안맞음,부정,녹용 장벽 요인
R026,Q2,자유서술형,녹용 제품을 섭취 중단한 이유,"비쌈, 정보 부족",녹용 제품 섭취 중단 이유,가격 장벽,부정,녹용 장벽 요인
R026,Q2,자유서술형,녹용 제품을 섭취 중단한 이유,"비쌈, 정보 부족",녹용 제품 섭취 중단 이유,정보 부족,부정,녹용 장벽 요인
R027,Q2,자유서술형,녹용 제품을 섭취 중단한 이유,부모님이 어릴 때 사주고 현재는 안 먹음,녹용 제품 섭취 중단 이유,필요성 부족,부정,녹용 장벽 요인
R028,Q2,자유서술형,녹용 제품을 섭취 중단한 이유,섭취 후 체질 변함,녹용 제품 섭취 중단 이유,체질에 안맞음,부정,녹용 장벽 요인
R029,Q2,자유서술형,녹용 제품을 섭취 중단한 이유,한의원 다닐 때 말고는 접할 기회가 없음,녹용 제품 섭취 중단 이유,구매처 부족,부정,녹용 장벽 요인
R030,Q2,자유서술형,녹용 제품을 섭취 중단한 이유,"맛 없음, 효과 없음",녹용 제품 섭취 중단 이유,맛 없음,부정,녹용 장벽 요인
R030,Q2,자유서술형,녹용 제품을 섭취 중단한 이유,"맛 없음, 효과 없음",녹용 제품 섭취 중단 이유,효능 불확실,부정,녹용 장벽 요인
R031,Q2,자유서술형,녹용 제품을 섭취 중단한 이유,비쌈,녹용 제품 섭취 중단 이유,가격 장벽,부정,녹용 장벽 요인
R032,Q2,자유서술형,녹용 제품을 섭취 중단한 이유,누가 줬을 때 말고는 안먹음,녹용 제품 섭취 중단 이유,필요성 부족,부정,녹용 장벽 요인
R033,Q2,자유서술형,녹용 제품을 섭취 중단한 이유,부모님이 챙겨줄 때 말고는 굳이 내가 찾아 먹진 않음,녹용 제품 섭취 중단 이유,필요성 부족,부정,녹용 장벽 요인
R034,Q2,자유서술형,녹용 제품을 섭취 중단한 이유,섭취 필요성을 못느낌,녹용 제품 섭취 중단 이유,필요성 부족,부정,녹용 장벽 요인
R035,Q2,자유서술형,녹용 제품을 섭취 중단한 이유,비쌈,녹용 제품 섭취 중단 이유,가격 장벽,부정,녹용 장벽 요인
R036,Q2,자유서술형,녹용 제품을 섭취 중단한 이유,한약으로 먹었음,녹용 제품 섭취 중단 이유,필요성 부족,부정,녹용 장벽 요인
R037,Q2,자유서술형,녹용 제품을 섭취 중단한 이유,살찔까,녹용 제품 섭취 중단 이유,효능 불확실,부정,녹용 장벽 요인
R038,Q2,자유서술형,녹용 제품을 섭취 중단한 이유,비릿한 맛이 남,녹용 제품 섭취 중단 이유,맛 없음,부정,녹용 장벽 요인
R039,Q2,자유서술형,녹용 제품을 섭취 중단한 이유,진짜 힘들지 않은 이상 돈 안씀,녹용 제품 섭취 중단 이유,가격 장벽,부정,녹용 장벽 요인
R040,Q2,자유서술형,녹용 제품을 섭취 중단한 이유,"복용 방법이 불편, 맛 없음",녹용 제품 섭취 중단 이유,복용 불편,부정,녹용 장벽 요인
R040,Q2,자유서술형,녹용 제품을 섭취 중단한 이유,"복용 방법이 불편, 맛 없음",녹용 제품 섭취 중단 이유,맛 없음,부정,녹용 장벽 요인
R041,Q2,자유서술형,녹용 제품을 섭취 중단한 이유,맛 없음,녹용 제품 섭취 중단 이유,맛 없음,부정,녹용 장벽 요인
R042,Q2,자유서술형,녹용 제품 이미지 개선 방법,어르신들에게만 좋다는 인식을 개선할 필요가 있음. MZ세대도 필요성을 느끼도록 젊은 사람에게도 녹용이 좋다는 이미지 필요,녹용 제품 이미지 개선 방법,필요성 부족,부정,녹용 장벽 요인
R043,Q2,자유서술형,녹용 제품 이미지 개선 방법,녹용이라는 소재에 MZ세대의 트렌드를 반영하여 많이 노출시키기,녹용 제품 이미지 개선 방법,정보 부족,부정,녹용 장벽 요인
R044,Q2,자유서술형,녹용 제품 이미지 개선 방법,녹용 자체가 우선 알려져야 함,녹용 제품 이미지 개선 방법,정보 부족,부정,녹용 장벽 요인
R045,Q2,자유서술형,녹용 제품 이미지 개선 방법,트렌드한 이미지를 갖춰야 함,녹용 제품 이미지 개선 방법,트렌디함,긍정,녹용 장벽 요인
R046,Q2,자유서술형,녹용 제품 이미지 개선 방법,녹용의 맛에 대한 거부감을 감소시켜야 함,녹용 제품 이미지 개선 방법,맛 없음,부정,녹용 장벽 요인
R047,Q2,자유서술형,녹용 제품 이미지 개선 방법,"녹용에 대한 정보 전달, 트렌디한 포장지 필요",녹용 제품 이미지 개선 방법,정보 부족,부정,녹용 장벽 요인
R048,Q2,자유서술형,녹용 제품 이미지 개선 방법,"녹용을 익숙해지게 만들기, 효능을 명확히 알리기",녹용 제품 이미지 개선 방법,정보 부족,부정,녹용 장벽 요인
R048,Q2,자유서술형,녹용 제품 이미지 개선 방법,"녹용을 익숙해지게 만들기, 효능을 명확히 알리기",녹용 제품 이미지 개선 방법,효능 불확실,부정,녹용 장벽 요인
R049,Q2,자유서술형,녹용 제품 이미지 개선 방법,트렌디함을 갖추고 명환한 효능을 알리기,녹용 제품 이미지 개선 방법,효능 불확실,부정,녹용 장벽 요인
R050,Q2,자유서술형,녹용 제품 이미지 개선 방법,천연 원료와 비천연 원료의 차이점 강조,녹용 제품 이미지 개선 방법,정보 부족,부정,녹용 장벽 요인
R051,Q2,자유서술형,녹용 제품 이미지 개선 방법,맛 개선,녹용 제품 이미지 개선 방법,맛 없음,부정,녹용 장벽 요인
R052,Q2,자유서술형,녹용 제품 이미지 개선 방법,"가성비 제품 필요, 맛 개선, 효능 알리기",녹용 제품 이미지 개선 방법,가격 장벽,부정,녹용 장벽 요인
R052,Q2,자유서술형,녹용 제품 이미지 개선 방법,"가성비 제품 필요, 맛 개선, 효능 알리기",녹용 제품 이미지 개선 방법,맛 없음,부정,녹용 장벽 요인
R052,Q2,자유서술형,녹용 제품 이미지 개선 방법,"가성비 제품 필요, 맛 개선, 효능 알리기",녹용 제품 이미지 개선 방법,정보 부족,부정,녹용 장벽 요인
R053,Q2,자유서술형,녹용 제품 이미지 개선 방법,믿을 수 있는 가성비 좋은 품질 보장,녹용 제품 이미지 개선 방법,가격 장벽,부정,녹용 장벽 요인
R053,Q2,자유서술형,녹용 제품 이미지 개선 방법,믿을 수 있는 가성비 좋은 품질 보장,녹용 제품 이미지 개선 방법,품질 보장,긍정,녹용 장벽 요인
R054,Q2,자유서술형,녹용 제품 이미지 개선 방법,"가성비 좋아야 함, 일반 영양제보다 메리트가 있다는 점을 어필",녹용 제품 이미지 개선 방법,가격 장벽,부정,녹용 장벽 요인
R054,Q2,자유서술형,녹용 제품 이미지 개선 방법,"가성비 좋아야 함, 일반 영양제보다 메리트가 있다는 점을 어필",녹용 제품 이미지 개선 방법,효능 불확실,부정,녹용 장벽 요인
R055,Q2,자유서술형,녹용 제품 이미지 개선 방법,"이미지 개선, 가격 조정",녹용 제품 이미지 개선 방법,가격 장벽,부정,녹용 장벽 요인
R056,Q2,자유서술형,녹용 제품 이미지 개선 방법,"이미지 개선, 효능/효과 알리기",녹용 제품 이미지 개선 방법,정보 부족,부정,녹용 장벽 요인
R057,Q2,자유서술형,녹용 제품 이미지 개선 방법,"부담없는 가격 필요, 간편한 제형으로 편하게 섭취할 수 있다는 이미지 개선",녹용 제품 이미지 개선 방법,가격 장벽,부정,녹용 장벽 요인
R057,Q2,자유서술형,녹용 제품 이미지 개선 방법,"부담없는 가격 필요, 간편한 제형으로 편하게 섭취할 수 있다는 이미지 개선",녹용 제품 이미지 개선 방법,간편한 제형,긍정,녹용 장벽 요인
R058,Q2,자유서술형,녹용 제품 이미지 개선 방법,"효능/효과 알리기, 녹용을 왜 꼭 섭취해야 하는지에 대한 설득력 필요",녹용 제품 이미지 개선 방법,정보 부족,부정,녹용 장벽 요인
R058,Q2,자유서술형,녹용 제품 이미지 개선 방법,"효능/효과 알리기, 녹용을 왜 꼭 섭취해야 하는지에 대한 설득력 필요",녹용 제품 이미지 개선 방법,효능 불확실,부정,녹용 장벽 요인
R059,Q2,자유서술형,녹용 제품 이미지 개선 방법,"친숙한 이미지, 잦은 노출",녹용 제품 이미지 개선 방법,접근성 부족,부정,녹용 장벽 요인
R060,Q2,자유서술형,녹용 제품 이미지 개선 방법,간편한 복용,녹용 제품 이미지 개선 방법,간편한 제형,긍정,녹용 장벽 요인
R061,Q2,자유서술형,녹용 제품 이미지 개선 방법,"부담없는 맛, 이벤트, 가성비 가격",녹용 제품 이미지 개선 방법,맛 없음,부정,녹용 장벽 요인
R061,Q2,자유서술형,녹용 제품 이미지 개선 방법,"부담없는 맛, 이벤트, 가성비 가격",녹용 제품 이미지 개선 방법,가격 장벽,부정,녹용 장벽 요인
R062,Q2,자유서술형,녹용 제품 이미지 개선 방법,녹용에 대한 인식 개선,녹용 제품 이미지 개선 방법,정보 부족,부정,녹용 장벽 요인
R063,Q2,자유서술형,녹용 제품 이미지 개선 방법,올드한 이미지 탈피,녹용 제품 이미지 개선 방법,트렌디함,긍정,녹용 장벽 요인
R064,Q2,자유서술형,녹용 제품 이미지 개선 방법,쉽게 구매할 수 있는 편리성,녹용 제품 이미지 개선 방법,접근성 부족,부정,녹용 장벽 요인
R065,Q2,자유서술형,녹용 제품 이미지 개선 방법,"맛 개선, 효능 알리기",녹용 제품 이미지 개선 방법,맛 없음,부정,녹용 장벽 요인
R065,Q2,자유서술형,녹용 제품 이미지 개선 방법,"맛 개선, 효능 알리기",녹용 제품 이미지 개선 방법,효능 불확실,부정,녹용 장벽 요인
R066,Q2,자유서술형,녹용 제품 이미지 개선 방법,이미지 개선,녹용 제품 이미지 개선 방법,트렌디함,긍정,녹용 장벽 요인
R067,Q2,자유서술형,녹용 제품 이미지 개선 방법,상품에 대한 설명,녹용 제품 이미지 개선 방법,정보 부족,부정,녹용 장벽 요인
R068,Q2,자유서술형,녹용 제품 이미지 개선 방법,녹용이 마냥 비싸기만 한게 아니다라는 인식 개선 필요,녹용 제품 이미지 개선 방법,가격 장벽,부정,녹용 장벽 요인
R069,Q2,자유서술형,녹용 제품 이미지 개선 방법,트렌디한 패키지 디자인,녹용 제품 이미지 개선 방법,트렌디함,긍정,녹용 장벽 요인
R070,Q2,자유서술형,녹용 제품 이미지 개선 방법,"효능/효과 홍보, 가격 인하",녹용 제품 이미지 개선 방법,효능 불확실,부정,녹용 장벽 요인
R070,Q2,자유서술형,녹용 제품 이미지 개선 방법,"효능/효과 홍보, 가격 인하",녹용 제품 이미지 개선 방법,가격 장벽,부정,녹용 장벽 요인
R071,Q2,자유서술형,녹용 제품 이미지 개선 방법,녹용에 대한 설명 필요,녹용 제품 이미지 개선 방법,정보 부족,부정,녹용 장벽 요인
R072,Q2,자유서술형,녹용 제품 이미지 개선 방법,"효능/효과 홍보, 부작용에 대한 설명, 진입장벽이 낮은 제품 우선 홍보",녹용 제품 이미지 개선 방법,효능 불확실,부정,녹용 장벽 요인
R072,Q2,자유서술형,녹용 제품 이미지 개선 방법,"효능/효과 홍보, 부작용에 대한 설명, 진입장벽이 낮은 제품 우선 홍보",녹용 제품 이미지 개선 방법,정보 부족,부정,녹용 장벽 요인
R073,Q2,자유서술형,녹용 제품 이미지 개선 방법,"접근성, 홍보",녹용 제품 이미지 개선 방법,접근성 부족,부정,녹용 장벽 요인
R074,Q2,자유서술형,녹용 제품 이미지 개선 방법,홍보,녹용 제품 이미지 개선 방법,정보 부족,부정,녹용 장벽 요인
R075,Q2,자유서술형,녹용 제품 이미지 개선 방법,친숙함,녹용 제품 이미지 개선 방법,접근성 부족,부정,녹용 장벽 요인
R076,Q2,자유서술형,녹용 제품 이미지 개선 방법,MZ세대들의 실제 후기,녹용 제품 이미지 개선 방법,실제 후기,긍정,녹용 장벽 요인
R077,Q2,자유서술형,녹용 제품 이미지 개선 방법,홍보,녹용 제품 이미지 개선 방법,정보 부족,부정,녹용 장벽 요인
R078,Q2,자유서술형,녹용 제품 이미지 개선 방법,"정보전달 더 필요, 저렴한 가격대의 제품이나 적은 양의 패키지",녹용 제품 이미지 개선 방법,정보 부족,부정,녹용 장벽 요인
R078,Q2,자유서술형,녹용 제품 이미지 개선 방법,"정보전달 더 필요, 저렴한 가격대의 제품이나 적은 양의 패키지",녹용 제품 이미지 개선 방법,가격 장벽,부정,녹용 장벽 요인
R079,Q2,자유서술형,녹용 제품 이미지 개선 방법,친숙함을 위한 홍보,녹용 제품 이미지 개선 방법,접근성 부족,부정,녹용 장벽 요인
R080,Q2,자유서술형,녹용 제품 이미지 개선 방법,트렌디한 방식의 홍보,녹용 제품 이미지 개선 방법,접근성 부족,부정,녹용 장벽 요인
R081,Q2,자유서술형,녹용 제품 이미지 개선 방법,어르신 이미지 탈피,녹용 제품 이미지 개선 방법,트렌디함,긍정,녹용 장벽 요인
R082,Q2,자유서술형,녹용 제품 이미지 개선 방법,가격 인하와 접근 편의성,녹용 제품 이미지 개선 방법,가격 장벽,부정,녹용 장벽 요인
R082,Q2,자유서술형,녹용 제품 이미지 개선 방법,가격 인하와 접근 편의성,녹용 제품 이미지 개선 방법,접근성 부족,부정,녹용 장벽 요인
R083,Q2,자유서술형,녹용 제품 이미지 개선 방법,어르신이 먹는다는 인식 탈피,녹용 제품 이미지 개선 방법,트렌디함,긍정,녹용 장벽 요인
R084,Q2,자유서술형,녹용 제품 이미지 개선 방법,투명한 성분공개,녹용 제품 이미지 개선 방법,정보 부족,부정,녹용 장벽 요인
R085,Q2,자유서술형,녹용 제품 이미지 개선 방법,잦은 노출,녹용 제품 이미지 개선 방법,접근성 부족,부정,녹용 장벽 요인
R086,Q2,자유서술형,녹용 제품 이미지 개선 방법,가성비를 통한 접근성 높이기,녹용 제품 이미지 개선 방법,가격 장벽,부정,녹용 장벽 요인
R087,Q2,자유서술형,녹용 제품 이미지 개선 방법,체험형 활동,녹용 제품 이미지 개선 방법,기타,중립,녹용 장벽 요인
R088,Q2,자유서술형,녹용 제품 이미지 개선 방법,트렌디한 패키징과 디자인,녹용 제품 이미지 개선 방법,트렌디함,긍정,녹용 장벽 요인
R089,Q2,자유서술형,녹용 제품 이미지 개선 방법,광고같지 않은 광고,녹용 제품 이미지 개선 방법,트렌디함,중립,녹용 장벽 요인
R090,Q2,자유서술형,녹용 제품 이미지 개선 방법,접근성,녹용 제품 이미지 개선 방법,접근성 부족,부정,녹용 장벽 요인
R091,Q2,자유서술형,녹용 제품 이미지 개선 방법,"심리적 거리 좁히기, 스토리텔링을 넣은 브랜딩",녹용 제품 이미지 개선 방법,기타,중립,녹용 장벽 요인
R092,Q2,자유서술형,녹용 제품 이미지 개선 방법,한약 이미지 탈피,녹용 제품 이미지 개선 방법,트렌디함,긍정,녹용 장벽 요인
R093,Q2,자유서술형,녹용 제품 이미지 개선 방법,"무겁고 비싼 이미지를 탈피해, 친근한 이미지로 개선",녹용 제품 이미지 개선 방법,가격 장벽,부정,녹용 장벽 요인
R093,Q2,자유서술형,녹용 제품 이미지 개선 방법,"무겁고 비싼 이미지를 탈피해, 친근한 이미지로 개선",녹용 제품 이미지 개선 방법,트렌디함,긍정,녹용 장벽 요인
R094,Q2,자유서술형,녹용 제품 이미지 개선 방법,"친숙한 이미지, 접근성",녹용 제품 이미지 개선 방법,접근성 부족,부정,녹용 장벽 요인
R095,Q2,자유서술형,녹용 제품 이미지 개선 방법,홍보,녹용 제품 이미지 개선 방법,접근성 부족,부정,녹용 장벽 요인
R096,Q2,자유서술형,녹용 제품 이미지 개선 방법,"간편한 스틱형 제품, 보양식의 이미지에 벗어나 확실한 성분과 효과를 표시",녹용 제품 이미지 개선 방법,간편한 제형,긍정,녹용 장벽 요인
R096,Q2,자유서술형,녹용 제품 이미지 개선 방법,"간편한 스틱형 제품, 보양식의 이미지에 벗어나 확실한 성분과 효과를 표시",녹용 제품 이미지 개선 방법,효능 불확실,부정,녹용 장벽 요인
R096,Q2,자유서술형,녹용 제품 이미지 개선 방법,"간편한 스틱형 제품, 보양식의 이미지에 벗어나 확실한 성분과 효과를 표시",녹용 제품 이미지 개선 방법,트렌디함,긍정,녹용 장벽 요인
R097,Q2,자유서술형,녹용 제품 이미지 개선 방법,접근성,녹용 제품 이미지 개선 방법,접근성 부족,부정,녹용 장벽 요인
R098,Q2,자유서술형,녹용 제품 이미지 개선 방법,기존의 이미지 탈피,녹용 제품 이미지 개선 방법,트렌디함,긍정,녹용 장벽 요인
R099,Q2,자유서술형,녹용 제품 이미지 개선 방법,"고연령층이 먹는 이미지 탈피, 트렌디한 기획",녹용 제품 이미지 개선 방법,트렌디함,긍정,녹용 장벽 요인
R100,Q2,자유서술형,녹용 제품 이미지 개선 방법,알기 쉬운 정보 접근성,녹용 제품 이미지 개선 방법,접근성 부족,부정,녹용 장벽 요인
R101,Q2,자유서술형,녹용 제품 이미지 개선 방법,가격대 인하,녹용 제품 이미지 개선 방법,가격 장벽,부정,녹용 장벽 요인
R102,Q2,자유서술형,녹용 제품 이미지 개선 방법,"이미지 개선, 합리적인 가격",녹용 제품 이미지 개선 방법,가격 장벽,부정,녹용 장벽 요인
R103,Q2,자유서술형,녹용 제품 이미지 개선 방법,인식 개선,녹용 제품 이미지 개선 방법,기타,중립,녹용 장벽 요인
R104,Q2,자유서술형,녹용 제품 이미지 개선 방법,가격 인하,녹용 제품 이미지 개선 방법,가격 장벽,부정,녹용 장벽 요인
R105,Q2,자유서술형,녹용 제품 이미지 개선 방법,효능감,녹용 제품 이미지 개선 방법,효능 불확실,부정,녹용 장벽 요인
R106,Q2,자유서술형,녹용 제품 이미지 개선 방법,비윤리적이라는 인식 개선,녹용 제품 이미지 개선 방법,동물학대,부정,녹용 장벽 요인
R107,Q2,자유서술형,녹용 제품 이미지 개선 방법,맛에 대한 거부감 줄이기,녹용 제품 이미지 개선 방법,맛 없음,부정,녹용 장벽 요인
R108,Q2,자유서술형,녹용 제품 이미지 개선 방법,비싸고 귀한 한약재라는 희귀성은 유지하면서 MZ 세대에게 왜 필요한지에 대한 설득력 중요. ,녹용 제품 이미지 개선 방법,효능 불확실,부정,녹용 장벽 요인
R109,Q2,자유서술형,녹용 제품 이미지 개선 방법,익숙한 제형으로 가공,녹용 제품 이미지 개선 방법,간편한 제형,긍정,녹용 장벽 요인
R110,Q2,자유서술형,녹용 제품 이미지 개선 방법,"효능 알리기, 쉬운 접근성",녹용 제품 이미지 개선 방법,효능 불확실,부정,녹용 장벽 요인
R110,Q2,자유서술형,녹용 제품 이미지 개선 방법,"효능 알리기, 쉬운 접근성",녹용 제품 이미지 개선 방법,접근성 부족,부정,녹용 장벽 요인
R111,Q2,자유서술형,녹용 제품 이미지 개선 방법,"맛 개선, 간편한 제형, 홍보",녹용 제품 이미지 개선 방법,맛 없음,부정,녹용 장벽 요인
R111,Q2,자유서술형,녹용 제품 이미지 개선 방법,"맛 개선, 간편한 제형, 홍보",녹용 제품 이미지 개선 방법,간편한 제형,긍정,녹용 장벽 요인
R112,Q2,자유서술형,녹용 제품 이미지 개선 방법,효능 홍보,녹용 제품 이미지 개선 방법,효능 불확실,부정,녹용 장벽 요인
R113,Q2,자유서술형,녹용 제품 이미지 개선 방법,"간편한 제형, 트렌디한 홍보",녹용 제품 이미지 개선 방법,간편한 제형,긍정,녹용 장벽 요인
R113,Q2,자유서술형,녹용 제품 이미지 개선 방법,"간편한 제형, 트렌디한 홍보",녹용 제품 이미지 개선 방법,트렌디함,긍정,녹용 장벽 요인
R114,Q2,자유서술형,녹용 제품 이미지 개선 방법,"가격 인하, 맛 개선, 효능 홍보",녹용 제품 이미지 개선 방법,가격 장벽,부정,녹용 장벽 요인
R114,Q2,자유서술형,녹용 제품 이미지 개선 방법,"가격 인하, 맛 개선, 효능 홍보",녹용 제품 이미지 개선 방법,맛 없음,부정,녹용 장벽 요인
R114,Q2,자유서술형,녹용 제품 이미지 개선 방법,"가격 인하, 맛 개선, 효능 홍보",녹용 제품 이미지 개선 방법,효능 불확실,부정,녹용 장벽 요인
R115,Q2,자유서술형,녹용 제품 이미지 개선 방법,주변 MZ들의 후기,녹용 제품 이미지 개선 방법,실제 후기,긍정,녹용 장벽 요인
R116,Q2,자유서술형,녹용 제품 이미지 개선 방법,"적정한 가격, 맛 개선",녹용 제품 이미지 개선 방법,가격 장벽,부정,녹용 장벽 요인
R116,Q2,자유서술형,녹용 제품 이미지 개선 방법,"적정한 가격, 맛 개선",녹용 제품 이미지 개선 방법,맛 없음,부정,녹용 장벽 요인
R117,Q2,자유서술형,녹용 제품 이미지 개선 방법,이름부터 부담스러움,녹용 제품 이미지 개선 방법,기타,부정,녹용 장벽 요인
R118,Q2,자유서술형,녹용 제품 이미지 개선 방법,반복적인 노출을 통한 친숙한 이미,녹용 제품 이미지 개선 방법,접근성 부족,부정,녹용 장벽 요인
R119,Q2,자유서술형,녹용 제품 이미지 개선 방법,"부담없는 가격, 어르신 이미지 타파",녹용 제품 이미지 개선 방법,가격 장벽,부정,녹용 장벽 요인
R119,Q2,자유서술형,녹용 제품 이미지 개선 방법,"부담없는 가격, 어르신 이미지 타파",녹용 제품 이미지 개선 방법,트렌디함,긍정,녹용 장벽 요인
R120,Q2,자유서술형,녹용 제품 이미지 개선 방법,마케팅,녹용 제품 이미지 개선 방법,트렌디함,긍정,녹용 장벽 요인
R121,Q2,자유서술형,녹용 제품 이미지 개선 방법,접근,녹용 제품 이미지 개선 방법,접근성 부족,부정,녹용 장벽 요인
R122,Q2,자유서술형,녹용 제품 이미지 개선 방법,덜 부담스러운 맛,녹용 제품 이미지 개선 방법,맛 없음,부정,녹용 장벽 요인
R123,Q2,자유서술형,녹용 제품 이미지 개선 방법,MZ들도 섭취한다는 이미지 개선,녹용 제품 이미지 개선 방법,트렌디함,긍정,녹용 장벽 요인
R124,Q2,자유서술형,녹용 제품 이미지 개선 방법,인스타 바이럴,녹용 제품 이미지 개선 방법,트렌디함,긍정,녹용 장벽 요인
R125,Q2,자유서술형,녹용 제품 이미지 개선 방법,어르신용 이미지 탈피,녹용 제품 이미지 개선 방법,트렌디함,긍정,녹용 장벽 요인
R126,Q2,자유서술형,녹용 제품 이미지 개선 방법,트렌드,녹용 제품 이미지 개선 방법,트렌디함,긍정,녹용 장벽 요인
R127,Q2,자유서술형,녹용 제품 이미지 개선 방법,간편한 제형,녹용 제품 이미지 개선 방법,간편한 제형,긍정,녹용 장벽 요인
R128,Q2,자유서술형,녹용 제품 이미지 개선 방법,올리브영이나 시시호시 같은 오프라인 구매처를 통한 진입장벽 낮추기,녹용 제품 이미지 개선 방법,구매처 부족,부정,녹용 장벽 요인
R129,Q2,자유서술형,녹용 제품 이미지 개선 방법,트렌디한 유머 밈 활용,녹용 제품 이미지 개선 방법,재미,긍정,녹용 장벽 요인
R130,Q2,자유서술형,녹용 제품 이미지 개선 방법,트렌디한 마케팅,녹용 제품 이미지 개선 방법,트렌디함,긍정,녹용 장벽 요인
R131,Q2,자유서술형,녹용 제품 이미지 개선 방법,친근함,녹용 제품 이미지 개선 방법,트렌디함,긍정,녹용 장벽 요인
R132,Q2,자유서술형,녹용 제품 이미지 개선 방법,접근성 높여 생소함 줄이기,녹용 제품 이미지 개선 방법,접근성 부족,부정,녹용 장벽 요인
R133,Q2,자유서술형,녹용 제품 이미지 개선 방법,트렌디함,녹용 제품 이미지 개선 방법,트렌디함,긍정,녹용 장벽 요인
R134,Q2,자유서술형,녹용 제품 이미지 개선 방법,"가격 인하, 마케팅",녹용 제품 이미지 개선 방법,가격 장벽,부정,녹용 장벽 요인
R135,Q2,자유서술형,녹용 제품 이미지 개선 방법,"합리적인 가격, 어르신용 이미지 개선",녹용 제품 이미지 개선 방법,가격 장벽,부정,녹용 장벽 요인
R135,Q2,자유서술형,녹용 제품 이미지 개선 방법,"합리적인 가격, 어르신용 이미지 개선",녹용 제품 이미지 개선 방법,트렌디함,긍정,녹용 장벽 요인
R136,Q2,자유서술형,녹용 제품 이미지 개선 방법,"인식 개선, 효과 입증",녹용 제품 이미지 개선 방법,효능 불확실,부정,녹용 장벽 요인
R137,Q2,자유서술형,녹용 제품 이미지 개선 방법,효능,녹용 제품 이미지 개선 방법,효능 불확실,부정,녹용 장벽 요인
R138,Q2,자유서술형,녹용 제품 이미지 개선 방법,"가격, 맛 개선",녹용 제품 이미지 개선 방법,가격 장벽,부정,녹용 장벽 요인
R138,Q2,자유서술형,녹용 제품 이미지 개선 방법,"가격, 맛 개선",녹용 제품 이미지 개선 방법,맛 없음,부정,녹용 장벽 요인
R139,Q2,자유서술형,녹용 제품 이미지 개선 방법,어르신용 이미지 탈피,녹용 제품 이미지 개선 방법,트렌디함,긍정,녹용 장벽 요인
R140,Q2,자유서술형,녹용 제품 이미지 개선 방법,간편한 섭취 방법,녹용 제품 이미지 개선 방법,간편한 제형,긍정,녹용 장벽 요인
R141,Q2,자유서술형,녹용 제품 이미지 개선 방법,이미지 개선,녹용 제품 이미지 개선 방법,트렌디함,긍정,녹용 장벽 요인
R142,Q2,자유서술형,녹용 제품 이미지 개선 방법,맛과 제형,녹용 제품 이미지 개선 방법,맛 없음,부정,녹용 장벽 요인
R142,Q2,자유서술형,녹용 제품 이미지 개선 방법,맛과 제형,녹용 제품 이미지 개선 방법,간편한 제형,긍정,녹용 장벽 요인
R143,Q2,자유서술형,녹용 제품 이미지 개선 방법,"올드한 느낌 탈피, 가격 낮추기",녹용 제품 이미지 개선 방법,트렌디함,긍정,녹용 장벽 요인
R143,Q2,자유서술형,녹용 제품 이미지 개선 방법,"올드한 느낌 탈피, 가격 낮추기",녹용 제품 이미지 개선 방법,가격 장벽,부정,녹용 장벽 요인
R144,Q2,자유서술형,녹용 제품 이미지 개선 방법,맛 개선,녹용 제품 이미지 개선 방법,맛 없음,부정,녹용 장벽 요인
R145,Q2,자유서술형,녹용 제품 이미지 개선 방법,효능 알리기,녹용 제품 이미지 개선 방법,효능 불확실,부정,녹용 장벽 요인
R146,Q2,자유서술형,녹용 제품 이미지 개선 방법,가격 낮추기,녹용 제품 이미지 개선 방법,가격 장벽,부정,녹용 장벽 요인
R147,Q2,자유서술형,녹용 제품 이미지 개선 방법,제품 홍보,녹용 제품 이미지 개선 방법,정보 부족,부정,녹용 장벽 요인
R148,Q2,자유서술형,녹용 제품 이미지 개선 방법,트렌디함,녹용 제품 이미지 개선 방법,트렌디함,긍정,녹용 장벽 요인
R149,Q2,자유서술형,녹용 제품 이미지 개선 방법,트렌디한 이미지,녹용 제품 이미지 개선 방법,트렌디함,긍정,녹용 장벽 요인
R150,Q2,자유서술형,녹용 제품 이미지 개선 방법,합리적인 가격,녹용 제품 이미지 개선 방법,가격 장벽,부정,녹용 장벽 요인
R151,Q2,자유서술형,녹용 제품 이미지 개선 방법,맛 개선,녹용 제품 이미지 개선 방법,맛 없음,부정,녹용 장벽 요인
R152,Q2,자유서술형,녹용 제품 이미지 개선 방법,뿔이라는 거부감,녹용 제품 이미지 개선 방법,동물학대,부정,녹용 장벽 요인
R153,Q2,자유서술형,녹용 제품 이미지 개선 방법,"맛, 가격에 대한 부담감 개선",녹용 제품 이미지 개선 방법,맛 없음,부정,녹용 장벽 요인
R153,Q2,자유서술형,녹용 제품 이미지 개선 방법,"맛, 가격에 대한 부담감 개선",녹용 제품 이미지 개선 방법,가격 장벽,부정,녹용 장벽 요인
R154,Q2,자유서술형,녹용 제품 이미지 개선 방법,올드한 이미지 탈피,녹용 제품 이미지 개선 방법,트렌디함,긍정,녹용 장벽 요인
R155,Q2,자유서술형,녹용 제품 이미지 개선 방법,효능 리뷰 및 실험 광고,녹용 제품 이미지 개선 방법,효능 불확실,부정,녹용 장벽 요인
R156,Q2,자유서술형,녹용 제품 이미지 개선 방법,이미지 개선,녹용 제품 이미지 개선 방법,트렌디함,긍정,녹용 장벽 요인
R157,Q2,자유서술형,녹용 제품 이미지 개선 방법,"합리적인 가격, 확실한 효능",녹용 제품 이미지 개선 방법,가격 장벽,부정,녹용 장벽 요인
R157,Q2,자유서술형,녹용 제품 이미지 개선 방법,"합리적인 가격, 확실한 효능",녹용 제품 이미지 개선 방법,효능 불확실,부정,녹용 장벽 요인
R158,Q2,자유서술형,녹용 제품 이미지 개선 방법,저렴한 가격,녹용 제품 이미지 개선 방법,가격 장벽,부정,녹용 장벽 요인
R159,Q2,자유서술형,녹용 제품 이미지 개선 방법,간편한 복용방법,녹용 제품 이미지 개선 방법,간편한 제형,긍정,녹용 장벽 요인
R160,Q2,자유서술형,녹용 제품 이미지 개선 방법,다양한 제품 제형,녹용 제품 이미지 개선 방법,간편한 제형,긍정,녹용 장벽 요인
R161,Q2,자유서술형,녹용 제품 이미지 개선 방법,지속적인 바이럴,녹용 제품 이미지 개선 방법,트렌디함,긍정,녹용 장벽 요인
R162,Q2,자유서술형,녹용 제품 이미지 개선 방법,효능 검증,녹용 제품 이미지 개선 방법,효능 불확실,부정,녹용 장벽 요인
R163,Q2,자유서술형,녹용 제품 이미지 개선 방법,올드한 이미지 탈피,녹용 제품 이미지 개선 방법,트렌디함,긍정,녹용 장벽 요인
R164,Q2,자유서술형,녹용 제품 이미지 개선 방법,"거부감 없는 맛과 향, 간편한 제형",녹용 제품 이미지 개선 방법,맛 없음,부정,녹용 장벽 요인
R164,Q2,자유서술형,녹용 제품 이미지 개선 방법,"거부감 없는 맛과 향, 간편한 제형",녹용 제품 이미지 개선 방법,간편한 제형,긍정,녹용 장벽 요인
R165,Q2,자유서술형,녹용 제품 이미지 개선 방법,가격 인하,녹용 제품 이미지 개선 방법,가격 장벽,부정,녹용 장벽 요인
R166,Q2,자유서술형,녹용 제품 이미지 개선 방법,합리적인 가격,녹용 제품 이미지 개선 방법,가격 장벽,부정,녹용 장벽 요인
R167,Q2,자유서술형,녹용 제품 이미지 개선 방법,맛 개선,녹용 제품 이미지 개선 방법,맛 없음,부정,녹용 장벽 요인
R168,Q2,자유서술형,녹용 제품 이미지 개선 방법,신박한 홍보,녹용 제품 이미지 개선 방법,재미,긍정,녹용 장벽 요인
R169,Q4,FGI,평소 건강관리가 필요하다고 느끼는 순간은?,오래 일한 것도 아닌데 갑자기 피곤할 때,건강관리 필요 요인,피로감,부정,건강관리 필요 요인
R170,Q4,FGI,평소 건강관리가 필요하다고 느끼는 순간은?,"예전보다 같은 일을 해도 피로감을 많이 느낄 때, 집중력도 떨어질때",건강관리 필요 요인,피로감,부정,건강관리 필요 요인
R170,Q4,FGI,평소 건강관리가 필요하다고 느끼는 순간은?,"예전보다 같은 일을 해도 피로감을 많이 느낄 때, 집중력도 떨어질때",건강관리 필요 요인,집중력,부정,건강관리 필요 요인
R171,Q4,FGI,평소 건강관리가 필요하다고 느끼는 순간은?,스트레스 많이 받아 두통이나 피로감이 심해질 때,건강관리 필요 요인,스트레스,부정,건강관리 필요 요인
R171,Q4,FGI,평소 건강관리가 필요하다고 느끼는 순간은?,스트레스 많이 받아 두통이나 피로감이 심해질 때,건강관리 필요 요인,피로감,부정,건강관리 필요 요인
R172,Q4,FGI,평소 건강관리가 필요하다고 느끼는 순간은?,"아침에 피곤할 때, 며칠이 지나도 피로가 해소되지 않을 때",건강관리 필요 요인,피로감,부정,건강관리 필요 요인
R173,Q4,FGI,평소 건강관리가 필요하다고 느끼는 순간은?,"눈이 침침하거나, 운동 중 체력이 부족할 때",건강관리 필요 요인,체력,부정,건강관리 필요 요인
R173,Q4,FGI,평소 건강관리가 필요하다고 느끼는 순간은?,"눈이 침침하거나, 운동 중 체력이 부족할 때",건강관리 필요 요인,눈이 침침,부정,건강관리 필요 요인
R174,Q4,FGI,평소 건강관리가 필요하다고 느끼는 순간은?,"피곤할 때, 살쪘을 때",건강관리 필요 요인,피로감,부정,건강관리 필요 요인
R174,Q4,FGI,평소 건강관리가 필요하다고 느끼는 순간은?,"피곤할 때, 살쪘을 때",건강관리 필요 요인,체중 증가,부정,건강관리 필요 요인
R175,Q4,FGI,평소 건강관리가 필요하다고 느끼는 순간은?,푹 자도 피곤할 때,건강관리 필요 요인,피로감,부정,건강관리 필요 요인
R176,Q4,FGI,평소 건강관리가 필요하다고 느끼는 순간은?,군살이 보일 때,건강관리 필요 요인,체중 증가,부정,건강관리 필요 요인
R177,Q4,FGI,평소 건강관리가 필요하다고 느끼는 순간은?,"기력이 떨어질 때, 평소보다 피로할 때",건강관리 필요 요인,기력,부정,건강관리 필요 요인
R177,Q4,FGI,평소 건강관리가 필요하다고 느끼는 순간은?,"기력이 떨어질 때, 평소보다 피로할 때",건강관리 필요 요인,피로감,부정,건강관리 필요 요인
R178,Q4,FGI,평소 건강관리가 필요하다고 느끼는 순간은?,늘 느낌,건강관리 필요 요인,기타,중립,건강관리 필요 요인
R179,Q5,FGI,건강관리가 필요하다고 느낀 순간 대처 방법은?,"주로 커피 마시거나, 주말에 쉴 생각",건강관리 대처 방법,기타,중립,건강관리 대처 방법
R180,Q5,FGI,건강관리가 필요하다고 느낀 순간 대처 방법은?,"비타민B, C, 오메가3같은 특정 영양제 섭취, 식습관도 고치려 노력",건강관리 대처 방법,비타민,중립,건강관리 대처 방법
R181,Q5,FGI,건강관리가 필요하다고 느낀 순간 대처 방법은?,운동을 하면서 스트레스 해소,건강관리 대처 방법,운동,중립,건강관리 대처 방법
R182,Q5,FGI,건강관리가 필요하다고 느낀 순간 대처 방법은?,낮잠을 자거나 기존 루틴을 줄임,건강관리 대처 방법,기타,중립,건강관리 대처 방법
R183,Q5,FGI,건강관리가 필요하다고 느낀 순간 대처 방법은?,"비타민A 복용, 운동 시도",건강관리 대처 방법,비타민,중립,건강관리 대처 방법
R183,Q5,FGI,건강관리가 필요하다고 느낀 순간 대처 방법은?,"비타민A 복용, 운동 시도",건강관리 대처 방법,운동,중립,건강관리 대처 방법
R184,Q5,FGI,건강관리가 필요하다고 느낀 순간 대처 방법은?,"운동, 일찍 자기 ",건강관리 대처 방법,운동,중립,건강관리 대처 방법
R185,Q5,FGI,건강관리가 필요하다고 느낀 순간 대처 방법은?,"비타민C, D 복용, 채소나 두부, 계란 섭취",건강관리 대처 방법,비타민,중립,건강관리 대처 방법
R186,Q5,FGI,건강관리가 필요하다고 느낀 순간 대처 방법은?,운동 시도,건강관리 대처 방법,운동,중립,건강관리 대처 방법
R187,Q5,FGI,건강관리가 필요하다고 느낀 순간 대처 방법은?,자양강장이 되는 천연 주스를 복용 중,건강관리 대처 방법,기타,중립,건강관리 대처 방법
R188,Q5,FGI,건강관리가 필요하다고 느낀 순간 대처 방법은?,운동과 식단관리,건강관리 대처 방법,운동,중립,건강관리 대처 방법
R188,Q5,FGI,건강관리가 필요하다고 느낀 순간 대처 방법은?,운동과 식단관리,건강관리 대처 방법,식단관리,중립,건강관리 대처 방법
R189,Q6,FGI,건강기능식품 선택 시 가장 중요하게 생각하는 기준,편리함이 최우선. 하루에 한 번만 먹으면 되는 제품처럼 간편함이 중요,건강기능식품 선택 기준,간편한 제형,긍정,건기식 호감 요인
R190,Q6,FGI,건강기능식품 선택 시 가장 중요하게 생각하는 기준,"후기. 쿠팡, 블로그 후기를 보고 효과 탐색, 주변 지인 후기도 참고",건강기능식품 선택 기준,실제 후기,긍정,건기식 호감 요인
R191,Q6,FGI,건강기능식품 선택 시 가장 중요하게 생각하는 기준,성분. 부작용 사례를 찾아보면서 나한테 맞는 성분인지 확인,건강기능식품 선택 기준,유효 성분,중립,건기식 호감 요인
R191,Q6,FGI,건강기능식품 선택 시 가장 중요하게 생각하는 기준,성분. 부작용 사례를 찾아보면서 나한테 맞는 성분인지 확인,건강기능식품 선택 기준,실제 후기,긍정,건기식 호감 요인
R192,Q6,FGI,건강기능식품 선택 시 가장 중요하게 생각하는 기준,"현재 증상에서 필요한 효능인지, 복용의 편리성, 과하지 않은 성분 함량",건강기능식품 선택 기준,필요 효능,중립,건기식 호감 요인
R192,Q6,FGI,건강기능식품 선택 시 가장 중요하게 생각하는 기준,"현재 증상에서 필요한 효능인지, 복용의 편리성, 과하지 않은 성분 함량",건강기능식품 선택 기준,간편한 제형,긍정,건기식 호감 요인
R192,Q6,FGI,건강기능식품 선택 시 가장 중요하게 생각하는 기준,"현재 증상에서 필요한 효능인지, 복용의 편리성, 과하지 않은 성분 함량",건강기능식품 선택 기준,유효 성분,중립,건기식 호감 요인
R193,Q6,FGI,건강기능식품 선택 시 가장 중요하게 생각하는 기준,"합리적인 가격, 브랜드 신뢰도",건강기능식품 선택 기준,합리적 가격,긍정,건기식 호감 요인
R194,Q6,FGI,건강기능식품 선택 시 가장 중요하게 생각하는 기준,진짜 나에게 필요한지 여부,건강기능식품 선택 기준,필요 효능,중립,건기식 호감 요인
R195,Q6,FGI,건강기능식품 선택 시 가장 중요하게 생각하는 기준,"가격, 구하기 쉬운가, 효능",건강기능식품 선택 기준,합리적 가격,긍정,건기식 호감 요인
R195,Q6,FGI,건강기능식품 선택 시 가장 중요하게 생각하는 기준,"가격, 구하기 쉬운가, 효능",건강기능식품 선택 기준,접근성,중립,건기식 호감 요인
R195,Q6,FGI,건강기능식품 선택 시 가장 중요하게 생각하는 기준,"가격, 구하기 쉬운가, 효능",건강기능식품 선택 기준,필요 효능,중립,건기식 호감 요인
R196,Q6,FGI,건강기능식품 선택 시 가장 중요하게 생각하는 기준,딱 원하는 효능만 있는 제품인지 ,건강기능식품 선택 기준,필요 효능,중립,건기식 호감 요인
R197,Q6,FGI,건강기능식품 선택 시 가장 중요하게 생각하는 기준,"효과, 진짜 내몸이랑 맞고 내 피로감을 줄여주는지",건강기능식품 선택 기준,필요 효능,중립,건기식 호감 요인
R198,Q6,FGI,건강기능식품 선택 시 가장 중요하게 생각하는 기준,"실제 후기, 검증된 효과",건강기능식품 선택 기준,실제 후기,긍정,건기식 호감 요인
R198,Q6,FGI,건강기능식품 선택 시 가장 중요하게 생각하는 기준,"실제 후기, 검증된 효과",건강기능식품 선택 기준,검증된 효과,긍정,건기식 호감 요인
R199,Q7,FGI,건강기능식품 구매 시 어떤 고민을 하셨나요?,"너무 싸면 의심스럽고, 너무 비싸면 부담스러워서 적당한 가격대 선호",건강기능식품 구매 장벽,합리적 가격,긍정,건기식 장벽 요인
R200,Q7,FGI,건강기능식품 구매 시 어떤 고민을 하셨나요?,"후기가 적은 제품은 안삼, 성분이 고함량인지와 내가 필요한 성분이 맞는지 고민",건강기능식품 구매 장벽,실제 후기,긍정,건기식 장벽 요인
R200,Q7,FGI,건강기능식품 구매 시 어떤 고민을 하셨나요?,"후기가 적은 제품은 안삼, 성분이 고함량인지와 내가 필요한 성분이 맞는지 고민",건강기능식품 구매 장벽,유효 성분,중립,건기식 장벽 요인
R200,Q7,FGI,건강기능식품 구매 시 어떤 고민을 하셨나요?,"후기가 적은 제품은 안삼, 성분이 고함량인지와 내가 필요한 성분이 맞는지 고민",건강기능식품 구매 장벽,필요 효능,중립,건기식 장벽 요인
R201,Q7,FGI,건강기능식품 구매 시 어떤 고민을 하셨나요?,성분 외에 브랜드 인지도. 유명한 브랜드부터 찾아봄,건강기능식품 구매 장벽,브랜드 신뢰도,긍정,건기식 장벽 요인
R202,Q7,FGI,건강기능식품 구매 시 어떤 고민을 하셨나요?,필요 이상의 고함량일 때. 성분 간 중복 우려,건강기능식품 구매 장벽,유효 성분,중립,건기식 장벽 요인
R203,Q7,FGI,건강기능식품 구매 시 어떤 고민을 하셨나요?,"브랜드 신뢰도가 낮을 때, 너무 저렴한 제품일 때",건강기능식품 구매 장벽,브랜드 신뢰도,긍정,건기식 장벽 요인
R203,Q7,FGI,건강기능식품 구매 시 어떤 고민을 하셨나요?,"브랜드 신뢰도가 낮을 때, 너무 저렴한 제품일 때",건강기능식품 구매 장벽,가격 장벽,부정,건기식 장벽 요인
R204,Q7,FGI,건강기능식품 구매 시 어떤 고민을 하셨나요?,가격,건강기능식품 구매 장벽,가격 장벽,부정,건기식 장벽 요인
R205,Q7,FGI,건강기능식품 구매 시 어떤 고민을 하셨나요?,가격,건강기능식품 구매 장벽,가격 장벽,부정,건기식 장벽 요인
R206,Q7,FGI,건강기능식품 구매 시 어떤 고민을 하셨나요?,가격 부담,건강기능식품 구매 장벽,가격 장벽,부정,건기식 장벽 요인
R207,Q8,FGI,건강기능식품 구매의 결정적 이유는?,합리적인 가격,건강기능식품 구매 자극 요인,합리적인 가격,긍정,건기식 호감 요인
R208,Q8,FGI,건강기능식품 구매의 결정적 이유는?,약사 선생님의 추천 제품,건강기능식품 구매 자극 요인,전문가 추천,중립,건기식 호감 요인
R209,Q8,FGI,건강기능식품 구매의 결정적 이유는?,"성분, 후기, 부작용 여부, 합리적인 가격이 모두 만족될 때 구매 결정",건강기능식품 구매 자극 요인,유효 성분,중립,건기식 호감 요인
R209,Q8,FGI,건강기능식품 구매의 결정적 이유는?,"성분, 후기, 부작용 여부, 합리적인 가격이 모두 만족될 때 구매 결정",건강기능식품 구매 자극 요인,실제 후기,긍정,건기식 호감 요인
R209,Q8,FGI,건강기능식품 구매의 결정적 이유는?,"성분, 후기, 부작용 여부, 합리적인 가격이 모두 만족될 때 구매 결정",건강기능식품 구매 자극 요인,검증된 효과,긍정,건기식 호감 요인
R209,Q8,FGI,건강기능식품 구매의 결정적 이유는?,"성분, 후기, 부작용 여부, 합리적인 가격이 모두 만족될 때 구매 결정",건강기능식품 구매 자극 요인,합리적 가격,긍정,건기식 호감 요인
R210,Q8,FGI,건강기능식품 구매의 결정적 이유는?,"확실한 효능, 리뷰 수",건강기능식품 구매 자극 요인,필요 효능,중립,건기식 호감 요인
R210,Q8,FGI,건강기능식품 구매의 결정적 이유는?,"확실한 효능, 리뷰 수",건강기능식품 구매 자극 요인,실제 후기,긍정,건기식 호감 요인
R211,Q8,FGI,건강기능식품 구매의 결정적 이유는?,"가격 대비 용량, 리뷰 신뢰도",건강기능식품 구매 자극 요인,합리적 가격,긍정,건기식 호감 요인
R211,Q8,FGI,건강기능식품 구매의 결정적 이유는?,"가격 대비 용량, 리뷰 신뢰도",건강기능식품 구매 자극 요인,실제 후기,긍정,건기식 호감 요인
R212,Q8,FGI,건강기능식품 구매의 결정적 이유는?,병원 검진 후 나에게 필요한 성분 함량 여부,건강기능식품 구매 자극 요인,필요 효능,중립,건기식 호감 요인
R212,Q8,FGI,건강기능식품 구매의 결정적 이유는?,병원 검진 후 나에게 필요한 성분 함량 여부,건강기능식품 구매 자극 요인,유효 성분,중립,건기식 호감 요인
R213,Q8,FGI,건강기능식품 구매의 결정적 이유는?,합리적인 가격,건강기능식품 구매 자극 요인,합리적 가격,긍정,건기식 호감 요인
R214,Q8,FGI,건강기능식품 구매의 결정적 이유는?,"의사 추천, 확실한 효과",건강기능식품 구매 자극 요인,전문가 추천,중립,건기식 호감 요인
R214,Q8,FGI,건강기능식품 구매의 결정적 이유는?,"의사 추천, 확실한 효과",건강기능식품 구매 자극 요인,검증된 효과,긍정,건기식 호감 요인
R215,Q8,FGI,건강기능식품 구매의 결정적 이유는?,합리적인 가격,건강기능식품 구매 자극 요인,합리적 가격,긍정,건기식 호감 요인
R216,Q9,FGI,건강기능식품 브랜드 선호하는 이유는?,"가격, 효능, 편리함을 고려해서 그때그때 고르는 편",건강기능식품 브랜드 선호 요인,합리적 가격,긍정,건기식 호감 요인
R216,Q9,FGI,건강기능식품 브랜드 선호하는 이유는?,"가격, 효능, 편리함을 고려해서 그때그때 고르는 편",건강기능식품 브랜드 선호 요인,필요 효능,중립,건기식 호감 요인
R216,Q9,FGI,건강기능식품 브랜드 선호하는 이유는?,"가격, 효능, 편리함을 고려해서 그때그때 고르는 편",건강기능식품 브랜드 선호 요인,간편한 제형,긍정,건기식 호감 요인
R217,Q9,FGI,건강기능식품 브랜드 선호하는 이유는?,"복용 후 효과, 일관된 좋은 후기, 전문가의 추천",건강기능식품 브랜드 선호 요인,검증된 효과,긍정,건기식 호감 요인
R217,Q9,FGI,건강기능식품 브랜드 선호하는 이유는?,"복용 후 효과, 일관된 좋은 후기, 전문가의 추천",건강기능식품 브랜드 선호 요인,실제 후기,긍정,건기식 호감 요인
R217,Q9,FGI,건강기능식품 브랜드 선호하는 이유는?,"복용 후 효과, 일관된 좋은 후기, 전문가의 추천",건강기능식품 브랜드 선호 요인,전문가 추천,중립,건기식 호감 요인
R218,Q9,FGI,건강기능식품 브랜드 선호하는 이유는?,부모님의 추천,건강기능식품 브랜드 선호 요인,기타,중립,건기식 호감 요인
R219,Q9,FGI,건강기능식품 브랜드 선호하는 이유는?,리뷰 수,건강기능식품 브랜드 선호 요인,실제 후기,긍정,건기식 호감 요인
R220,Q9,FGI,건강기능식품 브랜드 선호하는 이유는?,"브랜드 네임드, 자사몰 리뷰 수와 상세 정보의 신뢰성",건강기능식품 브랜드 선호 요인,브랜드 신뢰도,긍정,건기식 호감 요인
R220,Q9,FGI,건강기능식품 브랜드 선호하는 이유는?,"브랜드 네임드, 자사몰 리뷰 수와 상세 정보의 신뢰성",건강기능식품 브랜드 선호 요인,실제 후기,긍정,건기식 호감 요인
R221,Q9,FGI,건강기능식품 브랜드 선호하는 이유는?,리뷰,건강기능식품 브랜드 선호 요인,실제 후기,긍정,건기식 호감 요인
R222,Q9,FGI,건강기능식품 브랜드 선호하는 이유는?,직접 섭취 후 효과 비교,건강기능식품 브랜드 선호 요인,검증된 효과,긍정,건기식 호감 요인
R223,Q9,FGI,건강기능식품 브랜드 선호하는 이유는?,대기업 브랜드의 신뢰도,건강기능식품 브랜드 선호 요인,브랜드 신뢰도,긍정,건기식 호감 요인
R224,Q9,FGI,건강기능식품 브랜드 선호하는 이유는?,"유기농 쇼핑몰의 신뢰성, 깨끗한 공정, 안전한 원료",건강기능식품 브랜드 선호 요인,브랜드 신뢰도,긍정,건기식 호감 요인
R225,Q10,FGI,건강기능식품 구매할 때 가장 먼저 하는 행동은?,리뷰. 쿠팡 리뷰를 참고,건강기능식품 탐색 행동,실제 후기,긍정,기타
R226,Q10,FGI,건강기능식품 구매할 때 가장 먼저 하는 행동은?,"리뷰. 네이버 쇼핑, 쿠팡, 블로그, 지인의 후기를 참고",건강기능식품 탐색 행동,실제 후기,긍정,기타
R227,Q10,FGI,건강기능식품 구매할 때 가장 먼저 하는 행동은?,유튜브와 네이버에서 제품 정보 탐색,건강기능식품 탐색 행동,실제 후기,긍정,기타
R228,Q10,FGI,건강기능식품 구매할 때 가장 먼저 하는 행동은?,효능 검색,건강기능식품 탐색 행동,필요 효능,중립,기타
R229,Q10,FGI,건강기능식품 구매할 때 가장 먼저 하는 행동은?,"부작용 검색, 성분 검토, 의사 리뷰 확인",건강기능식품 탐색 행동,유효 성분,중립,기타
R229,Q10,FGI,건강기능식품 구매할 때 가장 먼저 하는 행동은?,"부작용 검색, 성분 검토, 의사 리뷰 확인",건강기능식품 탐색 행동,전문가 추천,중립,기타
R230,Q10,FGI,건강기능식품 구매할 때 가장 먼저 하는 행동은?,리뷰 탐색,건강기능식품 탐색 행동,실제 후기,긍정,기타
R231,Q10,FGI,건강기능식품 구매할 때 가장 먼저 하는 행동은?,"주변 지인에게 물어봄, 리뷰 탐색",건강기능식품 탐색 행동,실제 후기,긍정,기타
R232,Q10,FGI,건강기능식품 구매할 때 가장 먼저 하는 행동은?,"제품 정보 검색, 리뷰",건강기능식품 탐색 행동,실제 후기,긍정,기타
R233,Q10,FGI,건강기능식품 구매할 때 가장 먼저 하는 행동은?,"리뷰, 첨가물과 원산지 정보 탐색",건강기능식품 탐색 행동,실제 후기,긍정,기타
R233,Q10,FGI,건강기능식품 구매할 때 가장 먼저 하는 행동은?,"리뷰, 첨가물과 원산지 정보 탐색",건강기능식품 탐색 행동,유효 성분,중립,기타
R234,Q11,FGI,건강기능식품 브랜드 신뢰 요소,브랜드보단 제품 효능을 우선시함,건강기능식품 브랜드 신뢰 요소,필요 효능,중립,건기식 호감 요인
R235,Q11,FGI,건강기능식품 브랜드 신뢰 요소,전문가의 추천,건강기능식품 브랜드 신뢰 요소,전문가 추천,중립,건기식 호감 요인
R236,Q11,FGI,건강기능식품 브랜드 신뢰 요소,복용 후 효과를 느꼈을 때,건강기능식품 브랜드 신뢰 요소,검증된 효과,긍정,건기식 호감 요인
R237,Q11,FGI,건강기능식품 브랜드 신뢰 요소,"리뷰 수, 실제 사용자 후기, 브랜드의 일관된 메세지, 제품의 제조공정",건강기능식품 브랜드 신뢰 요소,실제 후기,긍정,건기식 호감 요인
R237,Q11,FGI,건강기능식품 브랜드 신뢰 요소,"리뷰 수, 실제 사용자 후기, 브랜드의 일관된 메세지, 제품의 제조공정",건강기능식품 브랜드 신뢰 요소,브랜드 신뢰도,긍정,건기식 호감 요인
R238,Q11,FGI,건강기능식품 브랜드 신뢰 요소,"검색 시 상위 노출 여부, 자사몰 후기의 신뢰도",건강기능식품 브랜드 신뢰 요소,브랜드 신뢰도,긍정,건기식 호감 요인
R239,Q11,FGI,건강기능식품 브랜드 신뢰 요소,리뷰가 좋을 때,건강기능식품 브랜드 신뢰 요소,실제 후기,긍정,건기식 호감 요인
R240,Q11,FGI,건강기능식품 브랜드 신뢰 요소,"유해한 첨가물 여부, 공정과정, 트렌디한 패키징과 캐릭터 디자인",건강기능식품 브랜드 신뢰 요소,유효 성분,중립,건기식 호감 요인
R240,Q11,FGI,건강기능식품 브랜드 신뢰 요소,"유해한 첨가물 여부, 공정과정, 트렌디한 패키징과 캐릭터 디자인",건강기능식품 브랜드 신뢰 요소,트렌디함,긍정,건기식 호감 요인
R241,Q12,FGI,"SNS에서 본 건강식품 콘텐츠 중에서, 신뢰가 가는 경우",SNS광고 자체에 대한 불신. 과대광고 같음,SNS 건강기능식품 콘텐츠 신뢰 요인,과대광고,부정,sns콘텐츠 호감 요인
R242,Q12,FGI,"SNS에서 본 건강식품 콘텐츠 중에서, 신뢰가 가는 경우",스토리 중심의 콘텐츠 그나마 나음,SNS 건강기능식품 콘텐츠 신뢰 요인,스토리텔링,긍정,sns콘텐츠 호감 요인
R243,Q12,FGI,"SNS에서 본 건강식품 콘텐츠 중에서, 신뢰가 가는 경우",단점도 솔직하게 말해줄 때,SNS 건강기능식품 콘텐츠 신뢰 요인,솔직광고,긍정,sns콘텐츠 호감 요인
R244,Q12,FGI,"SNS에서 본 건강식품 콘텐츠 중에서, 신뢰가 가는 경우","실제 사용자의 생생한 후기, 전문가가 등장할 때",SNS 건강기능식품 콘텐츠 신뢰 요인,실제 후기,긍정,sns콘텐츠 호감 요인
R244,Q12,FGI,"SNS에서 본 건강식품 콘텐츠 중에서, 신뢰가 가는 경우","실제 사용자의 생생한 후기, 전문가가 등장할 때",SNS 건강기능식품 콘텐츠 신뢰 요인,전문가 추천,긍정,sns콘텐츠 호감 요인
R245,Q12,FGI,"SNS에서 본 건강식품 콘텐츠 중에서, 신뢰가 가는 경우",SNS광고는 불신,SNS 건강기능식품 콘텐츠 신뢰 요인,기타,중립,sns콘텐츠 호감 요인
R246,Q12,FGI,"SNS에서 본 건강식품 콘텐츠 중에서, 신뢰가 가는 경우",내가 직접 체험하기 전까지는 SNS 광고는 잘 안믿음,SNS 건강기능식품 콘텐츠 신뢰 요인,기타,중립,sns콘텐츠 호감 요인
R247,Q12,FGI,"SNS에서 본 건강식품 콘텐츠 중에서, 신뢰가 가는 경우",대표가 설립자가 직접 나와 진정성 있는 이야기를 할 때,SNS 건강기능식품 콘텐츠 신뢰 요인,솔직광고,긍정,sns콘텐츠 호감 요인
R248,Q13,FGI,"SNS에서 본 건강식품 콘텐츠 중에서, 의심이 드는 경우",짧은 기간 안에 효과가 확실하다고 강조할 때,SNS 건강기능식품 콘텐츠 불신 요인,과대광고,부정,sns콘텐츠 장벽 요인
R249,Q13,FGI,"SNS에서 본 건강식품 콘텐츠 중에서, 의심이 드는 경우",짧은 기간 안에 효과가 있다와 같은 과장 광고,SNS 건강기능식품 콘텐츠 불신 요인,과대광고,부정,sns콘텐츠 장벽 요인
R250,Q13,FGI,"SNS에서 본 건강식품 콘텐츠 중에서, 의심이 드는 경우","연예인이 중심이 되는 광고, 장점만 말하는 광고",SNS 건강기능식품 콘텐츠 불신 요인,과대광고,부정,sns콘텐츠 장벽 요인
R251,Q13,FGI,"SNS에서 본 건강식품 콘텐츠 중에서, 의심이 드는 경우",제품 이미지와 효과만 강조하는 일방적 메세지일 때,SNS 건강기능식품 콘텐츠 불신 요인,일방적 광고,부정,sns콘텐츠 장벽 요인
R252,Q13,FGI,"SNS에서 본 건강식품 콘텐츠 중에서, 의심이 드는 경우","공동구매, 바이럴 과다, 과장 광고, 한정 세일 강조",SNS 건강기능식품 콘텐츠 불신 요인,과대 광고,부정,sns콘텐츠 장벽 요인
R252,Q13,FGI,"SNS에서 본 건강식품 콘텐츠 중에서, 의심이 드는 경우","공동구매, 바이럴 과다, 과장 광고, 한정 세일 강조",SNS 건강기능식품 콘텐츠 불신 요인,세일 강조,부정,sns콘텐츠 장벽 요인
R253,Q13,FGI,"SNS에서 본 건강식품 콘텐츠 중에서, 의심이 드는 경우","과장 광고, 여기저기서 같은 내용의 콘텐츠가 반복될 때",SNS 건강기능식품 콘텐츠 불신 요인,과대 광고,부정,sns콘텐츠 장벽 요인
R254,Q13,FGI,"SNS에서 본 건강식품 콘텐츠 중에서, 의심이 드는 경우",양산형 멘트,SNS 건강기능식품 콘텐츠 불신 요인,양산형 광고,부정,sns콘텐츠 장벽 요인
R255,Q13,FGI,"SNS에서 본 건강식품 콘텐츠 중에서, 의심이 드는 경우",홍보 목적의 광고일 때,SNS 건강기능식품 콘텐츠 불신 요인,일방적 광고,부정,sns콘텐츠 장벽 요인
R256,Q13,FGI,"SNS에서 본 건강식품 콘텐츠 중에서, 의심이 드는 경우","과장 광고, 전후 효과 조작한 거 티날 때",SNS 건강기능식품 콘텐츠 불신 요인,과대 광고,부정,sns콘텐츠 장벽 요인
R257,Q14,FGI,브랜드의 스토리텔링이 제품 선택에 영향을 준 적이 있나요?,"동물복지를 생각하거나, 환경을 생각하는 메세지 있을 때. 가치소비 하는 편",브랜드 스토리텔링 영향,동물 복지,긍정,기타
R258,Q14,FGI,브랜드의 스토리텔링이 제품 선택에 영향을 준 적이 있나요?,"수익 일부를 기부하거나, 동물복지를 생각하는 브랜드는 가치 있게 느낌",브랜드 스토리텔링 영향,동물 복지,긍정,기타
R259,Q14,FGI,브랜드의 스토리텔링이 제품 선택에 영향을 준 적이 있나요?,스토리텔링에 영향을 안 받음. 스스로 조사한 정보에 더 신뢰를 얻음,브랜드 스토리텔링 영향,영향 안 받음,중립,기타
R260,Q14,FGI,브랜드의 스토리텔링이 제품 선택에 영향을 준 적이 있나요?,스토리텔링에 영향을 안 받음,브랜드 스토리텔링 영향,영향 안 받음,중립,기타
R261,Q14,FGI,브랜드의 스토리텔링이 제품 선택에 영향을 준 적이 있나요?,식품에는 브랜드 스토리텔링에 영향을 안 받음,브랜드 스토리텔링 영향,영향 안 받음,중립,기타
R262,Q14,FGI,브랜드의 스토리텔링이 제품 선택에 영향을 준 적이 있나요?,영향을 안 받음,브랜드 스토리텔링 영향,영향 안 받음,중립,기타
R263,Q14,FGI,브랜드의 스토리텔링이 제품 선택에 영향을 준 적이 있나요?,철학성 슬로건이 눈길은 끌지만 구매로는 잘 이어지지 않음,브랜드 스토리텔링 영향,영향 안 받음,중립,기타
R264,Q14,FGI,브랜드의 스토리텔링이 제품 선택에 영향을 준 적이 있나요?,무의식에 영향을 받긴 할 듯,브랜드 스토리텔링 영향,기타,중립,기타
R265,Q14,FGI,브랜드의 스토리텔링이 제품 선택에 영향을 준 적이 있나요?,한살림과 같은 기업. 지구 보호와 소비자 생각하는 진정성 느껴져서 충성심 생김,브랜드 스토리텔링 영향,충성심,긍정,기타
R266,Q14,FGI,브랜드의 스토리텔링이 제품 선택에 영향을 준 적이 있나요?,영향을 안 받음,브랜드 스토리텔링 영향,영향 안 받음,중립,기타
R267,Q15,FGI,녹용의 이미지는?,"한의원, 한약재",녹용 이미지,한방,중립,녹용 이미지
R268,Q15,FGI,녹용의 이미지는?,부모님이 아프실 때 드셨던 이미지,녹용 이미지,어르신,중립,녹용 이미지
R269,Q15,FGI,녹용의 이미지는?,어르신용 고급 약재,녹용 이미지,어르신,중립,녹용 이미지
R269,Q15,FGI,녹용의 이미지는?,어르신용 고급 약재,녹용 이미지,고급 식품,중립,녹용 이미지
R270,Q15,FGI,녹용의 이미지는?,"뿔, 고급 건강식품",녹용 이미지,뿔,중립,녹용 이미지
R270,Q15,FGI,녹용의 이미지는?,"뿔, 고급 건강식품",녹용 이미지,고급 식품,중립,녹용 이미지
R271,Q15,FGI,녹용의 이미지는?,"한의원, 어르신용 건강식품",녹용 이미지,한방,중립,녹용 이미지
R271,Q15,FGI,녹용의 이미지는?,"한의원, 어르신용 건강식품",녹용 이미지,어르신,중립,녹용 이미지
R272,Q15,FGI,녹용의 이미지는?,사슴뿔,녹용 이미지,뿔,중립,녹용 이미지
R272,Q15,FGI,녹용의 이미지는?,사슴뿔,녹용 이미지,고급 식품,중립,녹용 이미지
R273,Q15,FGI,녹용의 이미지는?,"맛있음, 심리적으로 회복되는 느낌, 수험생 시절 부모님에게 선물 받아 심리적 위로의 이미지가 강함",녹용 이미지,심리적 위로,긍정,녹용 이미지
R274,Q15,FGI,녹용의 이미지는?,부모님이 주셨던 기억,녹용 이미지,부모님 추천,중립,녹용 이미지
R275,Q15,FGI,녹용의 이미지는?,부모님이 주셨던 기억,녹용 이미지,부모님 추천,중립,녹용 이미지
R276,Q16,FGI,녹용 제품을 구매하거나 섭취할 생각이 들지 않았던 이유는?,"효능 정보 부족, 어르신용이라는 이미지",녹용 구매장벽,정보 부족,부정,녹용 장벽 요인
R276,Q16,FGI,녹용 제품을 구매하거나 섭취할 생각이 들지 않았던 이유는?,"효능 정보 부족, 어르신용이라는 이미지",녹용 구매장벽,어르신,부정,녹용 장벽 요인
R277,Q16,FGI,녹용 제품을 구매하거나 섭취할 생각이 들지 않았던 이유는?,일상적으로 챙겨먹는 이미지가 아님,녹용 구매장벽,접근성 부족,부정,녹용 장벽 요인
R278,Q16,FGI,녹용 제품을 구매하거나 섭취할 생각이 들지 않았던 이유는?,"비싸고 흔하지 않은 제품 이미지, 몸에 잘 맞는지 확신이 없음",녹용 구매장벽,가격 장벽,부정,녹용 장벽 요인
R278,Q16,FGI,녹용 제품을 구매하거나 섭취할 생각이 들지 않았던 이유는?,"비싸고 흔하지 않은 제품 이미지, 몸에 잘 맞는지 확신이 없음",녹용 구매장벽,효능 불확실,부정,녹용 장벽 요인
R279,Q16,FGI,녹용 제품을 구매하거나 섭취할 생각이 들지 않았던 이유는?,"제품 정보 부족, 효능 및 가격에 대한 정보 부재, 다른 대체 건강식품의 인지도 우위",녹용 구매장벽,정보 부족,부정,녹용 장벽 요인
R279,Q16,FGI,녹용 제품을 구매하거나 섭취할 생각이 들지 않았던 이유는?,"제품 정보 부족, 효능 및 가격에 대한 정보 부재, 다른 대체 건강식품의 인지도 우위",녹용 구매장벽,가격 장벽,부정,녹용 장벽 요인
R279,Q16,FGI,녹용 제품을 구매하거나 섭취할 생각이 들지 않았던 이유는?,"제품 정보 부족, 효능 및 가격에 대한 정보 부재, 다른 대체 건강식품의 인지도 우위",녹용 구매장벽,효능 불확실,부정,녹용 장벽 요인
R279,Q16,FGI,녹용 제품을 구매하거나 섭취할 생각이 들지 않았던 이유는?,"제품 정보 부족, 효능 및 가격에 대한 정보 부재, 다른 대체 건강식품의 인지도 우위",녹용 구매장벽,대체식품,부정,녹용 장벽 요인
R280,Q16,FGI,녹용 제품을 구매하거나 섭취할 생각이 들지 않았던 이유는?,"정보 부족, 효능에 대한 불신, 한방 이미지의 거리감",녹용 구매장벽,정보 부족,부정,녹용 장벽 요인
R280,Q16,FGI,녹용 제품을 구매하거나 섭취할 생각이 들지 않았던 이유는?,"정보 부족, 효능에 대한 불신, 한방 이미지의 거리감",녹용 구매장벽,효능 불확실,부정,녹용 장벽 요인
R280,Q16,FGI,녹용 제품을 구매하거나 섭취할 생각이 들지 않았던 이유는?,"정보 부족, 효능에 대한 불신, 한방 이미지의 거리감",녹용 구매장벽,어르신,부정,녹용 장벽 요인
R281,Q16,FGI,녹용 제품을 구매하거나 섭취할 생각이 들지 않았던 이유는?,"필요성을 못 느낌, 정보 부재, 더 저렴한 대체품이 많음",녹용 구매장벽,필요성 부족,부정,녹용 장벽 요인
R281,Q16,FGI,녹용 제품을 구매하거나 섭취할 생각이 들지 않았던 이유는?,"필요성을 못 느낌, 정보 부재, 더 저렴한 대체품이 많음",녹용 구매장벽,정보 부족,부정,녹용 장벽 요인
R281,Q16,FGI,녹용 제품을 구매하거나 섭취할 생각이 들지 않았던 이유는?,"필요성을 못 느낌, 정보 부재, 더 저렴한 대체품이 많음",녹용 구매장벽,대체섹품,부정,녹용 장벽 요인
R282,Q16,FGI,녹용 제품을 구매하거나 섭취할 생각이 들지 않았던 이유는?,필요성을 못 느낌,녹용 구매장벽,필요성 부족,부정,녹용 장벽 요인
R283,Q16,FGI,녹용 제품을 구매하거나 섭취할 생각이 들지 않았던 이유는?,부작용,녹용 구매장벽,효능 불확실,부정,녹용 장벽 요인
R284,Q17,FGI,녹용이 젊은 세대에게 어울리지 않는 이유는?,"한방 재료라 익숙치 않음, 부담스러운 가격대, 고급스러운 패키징에 장벽을 느낌",녹용 MZ이미지 장벽 요인,어르신,부정,녹용 장벽 요인
R284,Q17,FGI,녹용이 젊은 세대에게 어울리지 않는 이유는?,"한방 재료라 익숙치 않음, 부담스러운 가격대, 고급스러운 패키징에 장벽을 느낌",녹용 MZ이미지 장벽 요인,가격 장벽,부정,녹용 장벽 요인
R284,Q17,FGI,녹용이 젊은 세대에게 어울리지 않는 이유는?,"한방 재료라 익숙치 않음, 부담스러운 가격대, 고급스러운 패키징에 장벽을 느낌",녹용 MZ이미지 장벽 요인,전통적 패키징,부정,녹용 장벽 요인
R285,Q17,FGI,녹용이 젊은 세대에게 어울리지 않는 이유는?,"패키지 디자인이 전통적, 제품명이 어렵거나 맛이 전통적이면 어르신용 이미지 강해짐",녹용 MZ이미지 장벽 요인,어르신,부정,녹용 장벽 요인
R286,Q17,FGI,녹용이 젊은 세대에게 어울리지 않는 이유는?,접근성이 낮음. 생소한 단어,녹용 MZ이미지 장벽 요인,접근성 부족,부정,녹용 장벽 요인
R287,Q17,FGI,녹용이 젊은 세대에게 어울리지 않는 이유는?,"구매 경로와 정보 부족으로 접근성 낮음, 고가 이미지, 트렌디하지 않은 패키징",녹용 MZ이미지 장벽 요인,구매처 부족,중립,녹용 장벽 요인
R287,Q17,FGI,녹용이 젊은 세대에게 어울리지 않는 이유는?,"구매 경로와 정보 부족으로 접근성 낮음, 고가 이미지, 트렌디하지 않은 패키징",녹용 MZ이미지 장벽 요인,정보 부족,중립,녹용 장벽 요인
R287,Q17,FGI,녹용이 젊은 세대에게 어울리지 않는 이유는?,"구매 경로와 정보 부족으로 접근성 낮음, 고가 이미지, 트렌디하지 않은 패키징",녹용 MZ이미지 장벽 요인,가격 장벽,중립,녹용 장벽 요인
R287,Q17,FGI,녹용이 젊은 세대에게 어울리지 않는 이유는?,"구매 경로와 정보 부족으로 접근성 낮음, 고가 이미지, 트렌디하지 않은 패키징",녹용 MZ이미지 장벽 요인,전통적 패키징,중립,녹용 장벽 요인
R288,Q17,FGI,녹용이 젊은 세대에게 어울리지 않는 이유는?,"효능을 인지하기 어려움, 주변에 소비자가 없음, 인지도가 낮음, 비쌈",녹용 MZ이미지 장벽 요인,효능 불확실,부정,녹용 장벽 요인
R288,Q17,FGI,녹용이 젊은 세대에게 어울리지 않는 이유는?,"효능을 인지하기 어려움, 주변에 소비자가 없음, 인지도가 낮음, 비쌈",녹용 MZ이미지 장벽 요인,접근성 부족,부정,녹용 장벽 요인
R288,Q17,FGI,녹용이 젊은 세대에게 어울리지 않는 이유는?,"효능을 인지하기 어려움, 주변에 소비자가 없음, 인지도가 낮음, 비쌈",녹용 MZ이미지 장벽 요인,가격 장벽,부정,녹용 장벽 요인
R289,Q17,FGI,녹용이 젊은 세대에게 어울리지 않는 이유는?,"접근성이 낮음, 콘텐츠 자체의 부재",녹용 MZ이미지 장벽 요인,접근성 부족,부정,녹용 장벽 요인
R290,Q17,FGI,녹용이 젊은 세대에게 어울리지 않는 이유는?,"제품명 자체가 어려움, 전통적인 패키지, 정보 부재. 가격, 구매 접점의 부재",녹용 MZ이미지 장벽 요인,가격 장벽,부정,녹용 장벽 요인
R291,Q17,FGI,녹용이 젊은 세대에게 어울리지 않는 이유는?,"젊은 세대의 한방의학에 대한 불신, 검증 안된 효능",녹용 MZ이미지 장벽 요인,효능 불확실,부정,녹용 장벽 요인
R292,Q17,FGI,녹용이 젊은 세대에게 어울리지 않는 이유는?,"비타민이나 기타 합성 원료 영양제의 선두로, 자연원료를 통해 건강 지키려는 문화가 부족. 가격 접근성이 낮음",녹용 MZ이미지 장벽 요인,가격 장벽,부정,녹용 장벽 요인
R293,Q17,FGI,녹용이 젊은 세대에게 어울리지 않는 이유는?,"맛, 효능에 대한 불확실성",녹용 MZ이미지 장벽 요인,효능 불확실,부정,녹용 장벽 요인
R293,Q17,FGI,녹용이 젊은 세대에게 어울리지 않는 이유는?,"맛, 효능에 대한 불확실성",녹용 MZ이미지 장벽 요인,맛 없음,부정,녹용 장벽 요인
R294,Q18,FGI,녹용 제품에 필요한 변화는?,"맛있고, 먹기 편해야 함, 밝고 유쾌한 이미지의 콘텐츠",녹용 개선 방안,간편한 제형,긍정,녹용 장벽 요인
R294,Q18,FGI,녹용 제품에 필요한 변화는?,"맛있고, 먹기 편해야 함, 밝고 유쾌한 이미지의 콘텐츠",녹용 개선 방안,트렌디함,긍정,녹용 장벽 요인
R295,Q18,FGI,녹용 제품에 필요한 변화는?,"트렌디한 디자인, 스틱형 같은 간편한 섭취 방식, '이너뷰티', '데일리 루틴'처럼 라이트한 메세지 전달",녹용 개선 방안,트렌디함,긍정,녹용 장벽 요인
R295,Q18,FGI,녹용 제품에 필요한 변화는?,"트렌디한 디자인, 스틱형 같은 간편한 섭취 방식, '이너뷰티', '데일리 루틴'처럼 라이트한 메세지 전달",녹용 개선 방안,간편한 제형,긍정,녹용 장벽 요인
R295,Q18,FGI,녹용 제품에 필요한 변화는?,"트렌디한 디자인, 스틱형 같은 간편한 섭취 방식, '이너뷰티', '데일리 루틴'처럼 라이트한 메세지 전달",녹용 개선 방안,루틴 메세지,긍정,녹용 장벽 요인
R296,Q18,FGI,녹용 제품에 필요한 변화는?,인지도를 높이는 광고 필요. 제품 노출이 너무 없어서 제품 자체에 관심을 가질 기회조차 없음,녹용 개선 방안,접근성 부족,부정,녹용 장벽 요인
R297,Q18,FGI,녹용 제품에 필요한 변화는?,"편의점/쿠팡 등 접근성 높은 구매처에 입점, SNS 기반으로 정보 노출량 증가, 캐쥬얼한 패키지와 제형(스틱형)",녹용 개선 방안,구매처 부족,부정,녹용 장벽 요인
R297,Q18,FGI,녹용 제품에 필요한 변화는?,"편의점/쿠팡 등 접근성 높은 구매처에 입점, SNS 기반으로 정보 노출량 증가, 캐쥬얼한 패키지와 제형(스틱형)",녹용 개선 방안,접근성 부족,부정,녹용 장벽 요인
R297,Q18,FGI,녹용 제품에 필요한 변화는?,"편의점/쿠팡 등 접근성 높은 구매처에 입점, SNS 기반으로 정보 노출량 증가, 캐쥬얼한 패키지와 제형(스틱형)",녹용 개선 방안,트렌디함,긍정,녹용 장벽 요인
R298,Q18,FGI,녹용 제품에 필요한 변화는?,제품 접근성을 높이고 흥미를 자극하는 콘텐츠 필요,녹용 개선 방안,접근성 부족,부정,녹용 장벽 요인
R299,Q18,FGI,녹용 제품에 필요한 변화는?,콘텐츠 자체의 부재로 관련 콘텐츠를 통해 정보 부재를 해결할 필요,녹용 개선 방안,접근성 부족,부정,녹용 장벽 요인
R299,Q18,FGI,녹용 제품에 필요한 변화는?,콘텐츠 자체의 부재로 관련 콘텐츠를 통해 정보 부재를 해결할 필요,녹용 개선 방안,정보 부족,부정,녹용 장벽 요인
R300,Q18,FGI,녹용 제품에 필요한 변화는?,편리한 복용 방식과 위생성 강조,녹용 개선 방안,간편한 제형,긍정,녹용 장벽 요인
R301,Q18,FGI,녹용 제품에 필요한 변화는?,"효능 정보에 대한 정확성 필요, 하나의 제품에 많은 성분이 있다는 것에 대한 불신",녹용 개선 방안,효능 불확실,부정,녹용 장벽 요인
R302,Q18,FGI,녹용 제품에 필요한 변화는?,"원료, 가공 방식, 동물 복지에 대한 신뢰성 강조, 이너뷰티 트렌드에 탑승",녹용 개선 방안,브랜드 신뢰도,긍정,녹용 장벽 요인
R303,Q18,FGI,녹용 제품에 필요한 변화는?,"녹용의 효능, 복용 방법 등의 정보 전달",녹용 개선 방안,효능 불확실,부정,녹용 장벽 요인
R303,Q18,FGI,녹용 제품에 필요한 변화는?,"녹용의 효능, 복용 방법 등의 정보 전달",녹용 개선 방안,정보 부족,부정,녹용 장벽 요인
R304,Q19,FGI,건강기능식품 SNS 콘텐츠를 보고 흥미가 생기게 만드는 요인은?,제품 광고 콘텐츠에는 아예 반응 안함,SNS 건강기능식품 콘텐츠 흥미 요인,기타,중립,sns콘텐츠 호감 유형
R305,Q19,FGI,건강기능식품 SNS 콘텐츠를 보고 흥미가 생기게 만드는 요인은?,좋아하는 연예인 나올 때,SNS 건강기능식품 콘텐츠 흥미 요인,연예인,긍정,sns콘텐츠 호감 유형
R306,Q19,FGI,건강기능식품 SNS 콘텐츠를 보고 흥미가 생기게 만드는 요인은?,내가 정보가 필요할 때만 봄,SNS 건강기능식품 콘텐츠 흥미 요인,정보형,중립,sns콘텐츠 호감 유형
R307,Q19,FGI,건강기능식품 SNS 콘텐츠를 보고 흥미가 생기게 만드는 요인은?,"나에게 필요한 정보(기능, 증상 관련)가 명확히 제시될 때, 몰랐던 새로운 정보가 제공될 때",SNS 건강기능식품 콘텐츠 흥미 요인,정보형,긍정,sns콘텐츠 호감 유형
R308,Q19,FGI,건강기능식품 SNS 콘텐츠를 보고 흥미가 생기게 만드는 요인은?,"제품 자체 보다는 감성(뷰티, 트렌디한 장소 등)에 반응",SNS 건강기능식품 콘텐츠 흥미 요인,감성형,긍정,sns콘텐츠 호감 유형
R309,Q19,FGI,건강기능식품 SNS 콘텐츠를 보고 흥미가 생기게 만드는 요인은?,"가격 할인 정보, 나에게 해당되는 효과가 강조된 경우,구체적인 효능",SNS 건강기능식품 콘텐츠 흥미 요인,이벤트형,긍정,sns콘텐츠 호감 유형
R309,Q19,FGI,건강기능식품 SNS 콘텐츠를 보고 흥미가 생기게 만드는 요인은?,"가격 할인 정보, 나에게 해당되는 효과가 강조된 경우,구체적인 효능",SNS 건강기능식품 콘텐츠 흥미 요인,정보형,긍정,sns콘텐츠 호감 유형
R310,Q19,FGI,건강기능식품 SNS 콘텐츠를 보고 흥미가 생기게 만드는 요인은?,깔끔하고 정보 전달이 확실한 광고,SNS 건강기능식품 콘텐츠 흥미 요인,정보형,긍정,sns콘텐츠 호감 유형
R311,Q19,FGI,건강기능식품 SNS 콘텐츠를 보고 흥미가 생기게 만드는 요인은?,색다른 복용방법,SNS 건강기능식품 콘텐츠 흥미 요인,정보형,긍정,sns콘텐츠 호감 유형
R312,Q20,FGI,"녹용 제품을 콘텐츠로 만들었을 때, 어떤 스타일이어야 호감이 가나요?",재미있는 상황극,녹용 콘텐츠 호감요인,재미형,긍정,sns콘텐츠 호감 유형
R313,Q20,FGI,"녹용 제품을 콘텐츠로 만들었을 때, 어떤 스타일이어야 호감이 가나요?",일상에 자연스럽게 제품이 녹아있을 때,녹용 콘텐츠 호감요인,일상형,긍정,sns콘텐츠 호감 유형
R314,Q20,FGI,"녹용 제품을 콘텐츠로 만들었을 때, 어떤 스타일이어야 호감이 가나요?",진정성 있는 정보 중심 콘텐츠,녹용 콘텐츠 호감요인,정보형,긍정,sns콘텐츠 호감 유형
R315,Q20,FGI,"녹용 제품을 콘텐츠로 만들었을 때, 어떤 스타일이어야 호감이 가나요?",초반에 핵심 메세지를 제시. 실제 사용자 후기 중심의 구성,녹용 콘텐츠 호감요인,후기형,긍정,sns콘텐츠 호감 유형
R316,Q20,FGI,"녹용 제품을 콘텐츠로 만들었을 때, 어떤 스타일이어야 호감이 가나요?",재미 요소가 중심이거나 귀여운 캐릭터가 중심일 때,녹용 콘텐츠 호감요인,재미형,긍정,sns콘텐츠 호감 유형
R316,Q20,FGI,"녹용 제품을 콘텐츠로 만들었을 때, 어떤 스타일이어야 호감이 가나요?",재미 요소가 중심이거나 귀여운 캐릭터가 중심일 때,녹용 콘텐츠 호감요인,캐릭터형,긍정,sns콘텐츠 호감 유형
R317,Q20,FGI,"녹용 제품을 콘텐츠로 만들었을 때, 어떤 스타일이어야 호감이 가나요?","패키지보다 내용물을 강조, 실제 사용 방식 보여주는 생활 밀착형 콘텐츠",녹용 콘텐츠 호감요인,일상형,긍정,sns콘텐츠 호감 유형
R318,Q20,FGI,"녹용 제품을 콘텐츠로 만들었을 때, 어떤 스타일이어야 호감이 가나요?",짧고 강렬하게 재미를 추구하는 콘텐츠,녹용 콘텐츠 호감요인,재미형,긍정,sns콘텐츠 호감 유형
R319,Q20,FGI,"녹용 제품을 콘텐츠로 만들었을 때, 어떤 스타일이어야 호감이 가나요?",설득력 있는 내용이나 신박한 경험,녹용 콘텐츠 호감요인,재미형,긍정,sns콘텐츠 호감 유형
R320,Q21,FGI,"녹용 제품을 콘텐츠로 만들었을 때, 어떤 스타일이 거부감이 드나요?",대놓고 제품만 보여주는 피드형 광고,녹용 콘텐츠 거부요인,양산형 광고,부정,sns콘텐츠 장벽 유형
R321,Q21,FGI,"녹용 제품을 콘텐츠로 만들었을 때, 어떤 스타일이 거부감이 드나요?",제품이 제목에 바로 나오는 콘텐츠는 바로 넘김,녹용 콘텐츠 거부요인,정보형,부정,sns콘텐츠 장벽 유형
R322,Q21,FGI,"녹용 제품을 콘텐츠로 만들었을 때, 어떤 스타일이 거부감이 드나요?",연예인이 중심이 되는 광고,녹용 콘텐츠 거부요인,연예인,부정,sns콘텐츠 장벽 유형
R323,Q21,FGI,"녹용 제품을 콘텐츠로 만들었을 때, 어떤 스타일이 거부감이 드나요?","가격 강조, 뻔한 광고 문구 반복할 때, 과장 광고",녹용 콘텐츠 거부요인,양산형 광고,부정,sns콘텐츠 장벽 유형
R323,Q21,FGI,"녹용 제품을 콘텐츠로 만들었을 때, 어떤 스타일이 거부감이 드나요?","가격 강조, 뻔한 광고 문구 반복할 때, 과장 광고",녹용 콘텐츠 거부요인,과대광고,부정,sns콘텐츠 장벽 유형
R324,Q21,FGI,"녹용 제품을 콘텐츠로 만들었을 때, 어떤 스타일이 거부감이 드나요?",과도한 바이럴,녹용 콘텐츠 거부요인,양산형 광고,부정,sns콘텐츠 장벽 유형
R325,Q21,FGI,"녹용 제품을 콘텐츠로 만들었을 때, 어떤 스타일이 거부감이 드나요?","한번에 많은 정보가 쏟아질 때, 증명되지 않은 수치화 자료",녹용 콘텐츠 거부요인,정보형,부정,sns콘텐츠 장벽 유형
R326,Q21,FGI,"녹용 제품을 콘텐츠로 만들었을 때, 어떤 스타일이 거부감이 드나요?",거짓 효과,녹용 콘텐츠 거부요인,과대광고,부정,sns콘텐츠 장벽 유형
R327,Q22,FGI,녹용 제품에 어떤 추가 정보가 있어야 구매를 고려하실 것 같나요?,"해당 효능이 정말 필요할 때, 효능 효과에 대한 정보 파악이 된 후에",녹용 구매요인,필요 효능,긍정,건기식 호감 요인
R327,Q22,FGI,녹용 제품에 어떤 추가 정보가 있어야 구매를 고려하실 것 같나요?,"해당 효능이 정말 필요할 때, 효능 효과에 대한 정보 파악이 된 후에",녹용 구매요인,검증된 효과,긍정,건기식 호감 요인
R328,Q22,FGI,녹용 제품에 어떤 추가 정보가 있어야 구매를 고려하실 것 같나요?,"실제 후기, 전문가 추천, 내돈내산 인증이 있을 때",녹용 구매요인,실제 후기,긍정,건기식 호감 요인
R328,Q22,FGI,녹용 제품에 어떤 추가 정보가 있어야 구매를 고려하실 것 같나요?,"실제 후기, 전문가 추천, 내돈내산 인증이 있을 때",녹용 구매요인,전문가 추천,긍정,건기식 호감 요인
R329,Q22,FGI,녹용 제품에 어떤 추가 정보가 있어야 구매를 고려하실 것 같나요?,"실제 복용 후기, SNS 리뷰",녹용 구매요인,실제 후기,긍정,건기식 호감 요인
R330,Q22,FGI,녹용 제품에 어떤 추가 정보가 있어야 구매를 고려하실 것 같나요?,"내돈내산으로 효과 봤다는 후기, 타브랜드와 비교해 메리트 있는 성분/효능 정보",녹용 구매요인,검증된 효과,긍정,건기식 호감 요인
R330,Q22,FGI,녹용 제품에 어떤 추가 정보가 있어야 구매를 고려하실 것 같나요?,"내돈내산으로 효과 봤다는 후기, 타브랜드와 비교해 메리트 있는 성분/효능 정보",녹용 구매요인,필요 효능,긍정,건기식 호감 요인
R330,Q22,FGI,녹용 제품에 어떤 추가 정보가 있어야 구매를 고려하실 것 같나요?,"내돈내산으로 효과 봤다는 후기, 타브랜드와 비교해 메리트 있는 성분/효능 정보",녹용 구매요인,유효 성분,긍정,건기식 호감 요인
R331,Q22,FGI,녹용 제품에 어떤 추가 정보가 있어야 구매를 고려하실 것 같나요?,"휴대성, 맛, 트렌디한 디자인, 후기, 효능에 대한 정보",녹용 구매요인,간편한 제형,긍정,건기식 호감 요인
R331,Q22,FGI,녹용 제품에 어떤 추가 정보가 있어야 구매를 고려하실 것 같나요?,"휴대성, 맛, 트렌디한 디자인, 후기, 효능에 대한 정보",녹용 구매요인,트렌디함,긍정,건기식 호감 요인
R331,Q22,FGI,녹용 제품에 어떤 추가 정보가 있어야 구매를 고려하실 것 같나요?,"휴대성, 맛, 트렌디한 디자인, 후기, 효능에 대한 정보",녹용 구매요인,실제 후기,긍정,건기식 호감 요인
R331,Q22,FGI,녹용 제품에 어떤 추가 정보가 있어야 구매를 고려하실 것 같나요?,"휴대성, 맛, 트렌디한 디자인, 후기, 효능에 대한 정보",녹용 구매요인,필요 효능,긍정,건기식 호감 요인
R332,Q22,FGI,녹용 제품에 어떤 추가 정보가 있어야 구매를 고려하실 것 같나요?,"내 몸에 필요한지에 따라, 가격과 후기",녹용 구매요인,필요 효능,중립,건기식 호감 요인
R332,Q22,FGI,녹용 제품에 어떤 추가 정보가 있어야 구매를 고려하실 것 같나요?,"내 몸에 필요한지에 따라, 가격과 후기",녹용 구매요인,합리적 가격,긍정,건기식 호감 요인
R332,Q22,FGI,녹용 제품에 어떤 추가 정보가 있어야 구매를 고려하실 것 같나요?,"내 몸에 필요한지에 따라, 가격과 후기",녹용 구매요인,실제 후기,긍정,건기식 호감 요인
R333,Q22,FGI,녹용 제품에 어떤 추가 정보가 있어야 구매를 고려하실 것 같나요?,"가격, 할인 여부, 요즘 뜨는 제품인지",녹용 구매요인,합리적 가격,긍정,건기식 호감 요인
R333,Q22,FGI,녹용 제품에 어떤 추가 정보가 있어야 구매를 고려하실 것 같나요?,"가격, 할인 여부, 요즘 뜨는 제품인지",녹용 구매요인,트렌디함,긍정,건기식 호감 요인
R334,Q22,FGI,녹용 제품에 어떤 추가 정보가 있어야 구매를 고려하실 것 같나요?,내가 필요한 성분인가,녹용 구매요인,필요 효능,중립,건기식 호감 요인
R335,Q22,FGI,녹용 제품에 어떤 추가 정보가 있어야 구매를 고려하실 것 같나요?,"유해물질 발생 여부, 제조 공정, 동물 복지 고려",녹용 구매요인,브랜드 신뢰도,긍정,건기식 호감 요인
R336,Q22,FGI,녹용 제품에 어떤 추가 정보가 있어야 구매를 고려하실 것 같나요?,성분,녹용 구매요인,유효 성분,긍정,건기식 호감 요인
R337,Q23,오프라인 조사,녹용하면 떠오르는 이미지는?,"한약, 쓰다",녹용 이미지,한방,부정,녹용 이미지
R338,Q23,오프라인 조사,녹용하면 떠오르는 이미지는?,"할머니, 할아버지가 많이 드신다",녹용 이미지,어르신,중립,녹용 이미지
R339,Q23,오프라인 조사,녹용하면 떠오르는 이미지는?,한약,녹용 이미지,한방,중립,녹용 이미지
R340,Q23,오프라인 조사,녹용하면 떠오르는 이미지는?,영양제,녹용 이미지,기타,중립,녹용 이미지
R341,Q23,오프라인 조사,녹용하면 떠오르는 이미지는?,사슴뿔,녹용 이미지,뿔,중립,녹용 이미지
R342,Q23,오프라인 조사,녹용하면 떠오르는 이미지는?,한약,녹용 이미지,한방,중립,녹용 이미지
R343,Q23,오프라인 조사,녹용하면 떠오르는 이미지는?,"사슴뿔, 한약재",녹용 이미지,뿔,중립,녹용 이미지
R343,Q23,오프라인 조사,녹용하면 떠오르는 이미지는?,"사슴뿔, 한약재",녹용 이미지,한방,중립,녹용 이미지
R344,Q23,오프라인 조사,녹용하면 떠오르는 이미지는?,어르신용,녹용 이미지,어르신,중립,녹용 이미지
R345,Q24,오프라인 조사,인스타 릴스 선호 스타일은?,요리 콘텐츠. 브이로그와 튜토리얼 둘 다. 그냥 힐링용으로 ,인스타 릴스 선호 스타일,요리,긍정,sns콘텐츠 호감 유형
R346,Q24,오프라인 조사,인스타 릴스 선호 스타일은?,아이돌 나오는 콘텐츠,인스타 릴스 선호 스타일,연예인,긍정,sns콘텐츠 호감 유형
R347,Q24,오프라인 조사,인스타 릴스 선호 스타일은?,여행 콘텐츠. 나중에 참고할 수 있는 정보성 콘텐츠,인스타 릴스 선호 스타일,정보성,긍정,sns콘텐츠 호감 유형
R348,Q24,오프라인 조사,인스타 릴스 선호 스타일은?,웃긴 콘텐츠,인스타 릴스 선호 스타일,재미,긍정,sns콘텐츠 호감 유형
R349,Q24,오프라인 조사,인스타 릴스 선호 스타일은?,"핫플, 맛집 추천해주는 정보성 콘텐츠",인스타 릴스 선호 스타일,정보성,긍정,sns콘텐츠 호감 유형
R350,Q24,오프라인 조사,인스타 릴스 선호 스타일은?,"옷, 패션 위주. ",인스타 릴스 선호 스타일,정보성,긍정,sns콘텐츠 호감 유형
R351,Q24,오프라인 조사,인스타 릴스 선호 스타일은?,동물 관련 콘텐츠. 귀여워서,인스타 릴스 선호 스타일,동물,긍정,sns콘텐츠 호감 유형
R352,Q24,오프라인 조사,인스타 릴스 선호 스타일은?,요리 콘텐츠. 맛있어보이고 재밌어야 함,인스타 릴스 선호 스타일,요리,긍정,sns콘텐츠 호감 유형
R353,Q24,오프라인 조사,인스타 릴스 선호 스타일은?,캐릭터 콘텐츠,인스타 릴스 선호 스타일,캐릭터,긍정,sns콘텐츠 호감 유형
R354,Q24,오프라인 조사,인스타 릴스 선호 스타일은?,"카페 핫플, 맛집 추천해주는 정보성 콘텐츠",인스타 릴스 선호 스타일,정보성,긍정,sns콘텐츠 호감 유형
R355,Q26,오프라인 조사,ASMR/정보성/QnA 콘텐츠 중 가장 끌리는 콘텐츠는?,정보성 콘텐츠. 뭐를 녹용으로 만들었는지 궁금해짐,콘텐츠 썸네일 선호도,정보성,긍정,썸네일 선호 유형
R356,Q26,오프라인 조사,ASMR/정보성/QnA 콘텐츠 중 가장 끌리는 콘텐츠는?,ASMR콘텐츠. 평소에 좋아함,콘텐츠 썸네일 선호도,ASMR,긍정,썸네일 선호 유형
R357,Q26,오프라인 조사,ASMR/정보성/QnA 콘텐츠 중 가장 끌리는 콘텐츠는?,ASMR. 특이함,콘텐츠 썸네일 선호도,ASMR,긍정,썸네일 선호 유형
R358,Q26,오프라인 조사,ASMR/정보성/QnA 콘텐츠 중 가장 끌리는 콘텐츠는?,ASMR. 신기함,콘텐츠 썸네일 선호도,ASMR,긍정,썸네일 선호 유형
R359,Q26,오프라인 조사,ASMR/정보성/QnA 콘텐츠 중 가장 끌리는 콘텐츠는?,QnA. 전문가 느낌. 효능이 궁금,콘텐츠 썸네일 선호도,QnA,긍정,썸네일 선호 유형
R360,Q26,오프라인 조사,ASMR/정보성/QnA 콘텐츠 중 가장 끌리는 콘텐츠는?,정보성 콘텐츠. 현란한 그래픽과 정보성 콘텐츠를 선호함,콘텐츠 썸네일 선호도,정보성,긍정,썸네일 선호 유형
R361,Q26,오프라인 조사,ASMR/정보성/QnA 콘텐츠 중 가장 끌리는 콘텐츠는?,정보성 콘텐츠. 썸네일을 보면 녹용으로 뭘 만들었을지 궁금해짐,콘텐츠 썸네일 선호도,정보성,긍정,썸네일 선호 유형
R362,Q26,오프라인 조사,ASMR/정보성/QnA 콘텐츠 중 가장 끌리는 콘텐츠는?,정보성 콘텐츠. 화려하고 웃긴 느낌 선호함,콘텐츠 썸네일 선호도,정보성,긍정,썸네일 선호 유형
R363,Q26,오프라인 조사,ASMR/정보성/QnA 콘텐츠 중 가장 끌리는 콘텐츠는?,"정보성 콘텐츠, 화려한 색감, 의문사의 문구로 호기심 자극",콘텐츠 썸네일 선호도,정보성,긍정,썸네일 선호 유형
R364,Q27,오프라인 조사,녹용 제품이 콘텐츠에 노출되었을 때 드는 생각은?,녹용이 들어간 건지 잘 모르겠음,녹용 제품 콘텐츠 첫인상,녹용 인지 불가,부정,녹용 콘텐츠 첫인상
R365,Q27,오프라인 조사,녹용 제품이 콘텐츠에 노출되었을 때 드는 생각은?,눈에 띄지 않음. 사슴 캐릭터를 넣으면 이미지가 잘 연상될 것 같음,녹용 제품 콘텐츠 첫인상,녹용 인지 불가,부정,녹용 콘텐츠 첫인상
R366,Q27,오프라인 조사,녹용 제품이 콘텐츠에 노출되었을 때 드는 생각은?,관심 없음. 녹용이라는 게 오히려 거부감이 생길 수도,녹용 제품 콘텐츠 첫인상,관심 없음,부정,녹용 콘텐츠 첫인상
R367,Q27,오프라인 조사,녹용 제품이 콘텐츠에 노출되었을 때 드는 생각은?,그냥 넘길 것 같음. 녹용에 관심 없음,녹용 제품 콘텐츠 첫인상,관심 없음,부정,녹용 콘텐츠 첫인상
R368,Q27,오프라인 조사,녹용 제품이 콘텐츠에 노출되었을 때 드는 생각은?,신기함,녹용 제품 콘텐츠 첫인상,호기심,긍정,녹용 콘텐츠 첫인상
R369,Q27,오프라인 조사,녹용 제품이 콘텐츠에 노출되었을 때 드는 생각은?,"기존의 이미지로 맛없고, 한약 같을 것 같음",녹용 제품 콘텐츠 첫인상,맛 없음,부정,녹용 콘텐츠 첫인상
R370,Q27,오프라인 조사,녹용 제품이 콘텐츠에 노출되었을 때 드는 생각은?,맛에 대해 궁금함,녹용 제품 콘텐츠 첫인상,호기심,긍정,녹용 콘텐츠 첫인상
R371,Q27,오프라인 조사,녹용 제품이 콘텐츠에 노출되었을 때 드는 생각은?,관심없이 넘길 것 같음,녹용 제품 콘텐츠 첫인상,관심 없음,부정,녹용 콘텐츠 첫인상
R372,Q27,오프라인 조사,녹용 제품이 콘텐츠에 노출되었을 때 드는 생각은?,맛이 궁금함,녹용 제품 콘텐츠 첫인상,호기심,긍정,녹용 콘텐츠 첫인상
R373,Q28,오프라인 조사,평소에 건강기능식품 드시는 거 있으세요?,"비타민, 단백질 쉐이크. 식품으로 보충하기 어려운 성분은 보완하기 위해 섭취",건강기능식품 섭취 여부,필요 효능,긍정,건기식 호감 요인
R374,Q28,오프라인 조사,평소에 건강기능식품 드시는 거 있으세요?,"오메가3, 비타민, 유산균. 제품별 효과를 보기 위해",건강기능식품 섭취 여부,검증된 효과,긍정,건기식 호감 요인
R375,Q28,오프라인 조사,평소에 건강기능식품 드시는 거 있으세요?,"오메가3, 비타민, 유산균. 엄마가 먹으라 해서",건강기능식품 섭취 여부,기타,중립,건기식 호감 요인
R376,Q28,오프라인 조사,평소에 건강기능식품 드시는 거 있으세요?,알약 형태 영양제. 섭취가 간편함,건강기능식품 섭취 여부,간편한 제형,긍정,건기식 호감 요인
R377,Q28,오프라인 조사,평소에 건강기능식품 드시는 거 있으세요?,"소화 효소, 비타민. 질병 문제 해결과 맛이 괜찮아",건강기능식품 섭취 여부,필요 효능,긍정,건기식 호감 요인
